rental_id,start_time,start_station_id,start_station_name,end_time,end_station_id,end_station_name,bike_id,bike_model,duration_ms,start_station_key,end_station_key,is_round_trip,date,year,month,hour,minute_of_day,dow,day_name,is_weekend,is_bank_holiday,is_working_day,season,duration_min,is_commuter_trip,period,straight_km
145455178,2025-01-01 22:44:00,300226,"Copper Box Arena, Queen Elizabeth Olympic Park",2025-01-01 22:57:00,300234,"Stratford Station, Stratford",55638,CLASSIC,756830,300226,300234,False,2025-01-01,2025,1,22,1364,2,Wednesday,False,True,False,Winter,12.613833,False,Weekend or holiday,1.1417814088071694
145476070,2025-01-03 14:13:00,1157,"Black Lion Gate, Kensington Gardens",2025-01-03 14:20:00,1110,"Palace Gate, Kensington Gardens",57498,CLASSIC,428093,1157,1110,False,2025-01-03,2025,1,14,853,4,Friday,False,False,True,Winter,7.1348834,False,"Working day, off peak",0.9065210000113392
145479665,2025-01-03 17:35:00,200230,"Maplin Street, Mile End",2025-01-03 17:40:00,200027,"Ford Road, Old Ford",62849,PBSC_EBIKE,242732,200230,200027,False,2025-01-03,2025,1,17,1055,4,Friday,False,False,True,Winter,4.045533,True,Evening peak,0.7817494917471688
145486355,2025-01-04 11:40:00,200113,"Smugglers Way, Wandsworth",2025-01-04 11:47:00,200170,"Esmond Street, Putney",40558,CLASSIC,412688,200113,200170,False,2025-01-04,2025,1,11,700,5,Saturday,True,False,False,Winter,6.8781333,False,Weekend or holiday,1.374784833618361
145500612,2025-01-06 06:41:00,300234,"Stratford Station, Stratford",2025-01-06 07:01:00,200147,"Salmon Lane, Limehouse",62177,PBSC_EBIKE,1183574,300234,200147,False,2025-01-06,2025,1,6,401,0,Monday,False,False,True,Winter,19.726233,True,Morning peak,3.6744567949376306
145506082,2025-01-06 13:55:00,300009,"World's End Place, West Chelsea",2025-01-06 13:58:00,200001,"Limerston Street, West Chelsea",52957,CLASSIC,194425,300009,200001,False,2025-01-06,2025,1,13,835,0,Monday,False,False,True,Winter,3.2404168,False,"Working day, off peak",0.4252956858733639
145511852,2025-01-06 18:31:00,300242,"Allington Street, Victoria",2025-01-06 18:49:00,300077,"Ingrave Street, Clapham Junction",56537,CLASSIC,1092650,300242,300077,False,2025-01-06,2025,1,18,1111,0,Monday,False,False,True,Winter,18.210833,True,Evening peak,3.8502564729940176
145513597,2025-01-06 19:52:00,1161,"Brushfield Street, Liverpool Street",2025-01-06 20:41:00,300043,"St. Peter's Terrace, Fulham",59189,CLASSIC,2946222,1161,300043,False,2025-01-06,2025,1,19,1192,0,Monday,False,False,True,Winter,49.1037,True,Evening peak,9.989139444157326
145516255,2025-01-07 07:05:00,3487,"Campden Hill Road, Notting Hill",2025-01-07 07:10:00,3491,"Princes Square, Bayswater",52939,CLASSIC,270617,3487,3491,False,2025-01-07,2025,1,7,425,1,Tuesday,False,False,True,Winter,4.5102835,True,Morning peak,0.9327506113280055
145544873,2025-01-08 12:58:00,22171,"Red Lion Street, Holborn",2025-01-08 13:33:00,1075,"Hyde Park Corner, Hyde Park",55340,CLASSIC,2092842,22171,1075,False,2025-01-08,2025,1,12,778,2,Wednesday,False,False,True,Winter,34.8807,False,"Working day, off peak",3.061634643762126
145572629,2025-01-09 18:38:00,1203,"Eastbourne Mews, Paddington",2025-01-09 18:43:00,1027,"Warwick Avenue Station, Maida Vale",58925,CLASSIC,292002,1203,1027,False,2025-01-09,2025,1,18,1118,3,Thursday,False,False,True,Winter,4.8667,True,Evening peak,0.8363777464333757
145594938,2025-01-11 07:18:00,1027,"Warwick Avenue Station, Maida Vale",2025-01-11 07:29:00,1086,"Baker Street, Marylebone",59991,CLASSIC,610546,1027,1086,False,2025-01-11,2025,1,7,438,5,Saturday,True,False,False,Winter,10.175767,False,Weekend or holiday,1.9774976323772862
145596041,2025-01-11 09:40:00,200183,"Battersea Park Road, Nine Elms",2025-01-11 09:57:00,200079,"Ram Street, Wandsworth",59338,CLASSIC,1008952,200183,200079,False,2025-01-11,2025,1,9,580,5,Saturday,True,False,False,Winter,16.815866,False,Weekend or holiday,4.260822917587957
145597298,2025-01-11 11:03:00,3448,"Webber Street , Southwark",2025-01-11 11:16:00,1224,"Vauxhall Street, Vauxhall",57754,CLASSIC,781069,3448,1224,False,2025-01-11,2025,1,11,663,5,Saturday,True,False,False,Winter,13.017817,False,Weekend or holiday,1.8282681795208287
145600116,2025-01-11 13:36:00,1070,"Bricklayers Arms, Borough",2025-01-11 13:49:00,1191,"Barbican Centre, Barbican",63507,PBSC_EBIKE,746545,1070,1191,False,2025-01-11,2025,1,13,816,5,Saturday,True,False,False,Winter,12.442416,False,Weekend or holiday,2.8126605788692154
145612467,2025-01-12 13:10:00,300053,"Stephendale Road, Sands End",2025-01-12 13:32:00,1151,"Whitehall Place, Strand",60179,PBSC_EBIKE,1338345,300053,1151,False,2025-01-12,2025,1,13,790,6,Sunday,True,False,False,Winter,22.30575,False,Weekend or holiday,6.30770328891775
145626021,2025-01-13 09:37:00,3496,"St Mary's Hospital, Paddington",2025-01-13 09:41:00,1036,"Crawford Street, Marylebone",58706,CLASSIC,277077,3496,1036,False,2025-01-13,2025,1,9,577,0,Monday,False,False,True,Winter,4.61795,True,Morning peak,0.988283419750144
145639296,2025-01-13 19:57:00,200026,"Greenland Road, Camden Town",2025-01-13 20:05:00,22181,"Camley Street, Camden Town",57100,CLASSIC,464521,200026,,,2025-01-13,2025,1,19,1197,0,Monday,False,False,True,Winter,7.742017,True,Evening peak,
145640585,2025-01-13 21:36:00,300038,"Star Road, West Kensington",2025-01-13 21:41:00,200097,"Beryl Road, Hammersmith",51209,CLASSIC,307286,300038,200097,False,2025-01-13,2025,1,21,1296,0,Monday,False,False,True,Winter,5.1214333,False,"Working day, off peak",1.1935240184332205
145647127,2025-01-14 08:49:00,200206,"Chicheley Street, South Bank",2025-01-14 09:07:00,1068,"Norton Folgate, Liverpool Street",23727,CLASSIC,1064504,200206,1068,False,2025-01-14,2025,1,8,529,1,Tuesday,False,False,True,Winter,17.741734,True,Morning peak,3.326233549489503
145663131,2025-01-14 19:13:00,200190,"Queen's Circus, Battersea Park",2025-01-14 19:18:00,200175,"Wandsworth Rd, Isley Court, Wandsworth Road",60529,PBSC_EBIKE,284887,200190,200175,False,2025-01-14,2025,1,19,1153,1,Tuesday,False,False,True,Winter,4.7481165,True,Evening peak,1.0730530403387262
145674070,2025-01-15 09:34:00,200053,"Killick Street, King's Cross",2025-01-15 09:51:00,200226,"Kingsway Southbound, Strand",53256,CLASSIC,1046826,200053,200226,False,2025-01-15,2025,1,9,574,2,Wednesday,False,False,True,Winter,17.4471,True,Morning peak,2.216439537269388
145705404,2025-01-16 16:03:00,3481,"Rodney Road , Walworth",2025-01-16 16:21:00,2587,"Wormwood Street, Liverpool Street",52421,CLASSIC,1062864,3481,2587,False,2025-01-16,2025,1,16,963,3,Thursday,False,False,True,Winter,17.7144,False,"Working day, off peak",2.795772712516741
145711909,2025-01-16 18:51:00,22166,"Albert Gardens, Stepney",2025-01-16 19:00:00,300027,"Mile End Park Leisure Centre, Mile End",41801,CLASSIC,549812,22166,300027,False,2025-01-16,2025,1,18,1131,3,Thursday,False,False,True,Winter,9.163533,True,Evening peak,1.3307093003428676
145712818,2025-01-16 19:19:00,200033,"Philpot Street, Whitechapel",2025-01-16 19:30:00,1142,"Tooley Street, Bermondsey",55007,CLASSIC,657537,200033,1142,False,2025-01-16,2025,1,19,1159,3,Thursday,False,False,True,Winter,10.95895,True,Evening peak,1.9541687241940406
145721152,2025-01-17 09:00:00,200017,"Lancaster Gate , Bayswater",2025-01-17 09:24:00,300037,"Ravenscourt Park Station, Hammersmith",54987,CLASSIC,1463845,200017,300037,False,2025-01-17,2025,1,9,540,4,Friday,False,False,True,Winter,24.397417,True,Morning peak,4.401984595966983
145723843,2025-01-17 11:09:00,1088,"Triangle Car Park, Hyde Park",2025-01-17 11:16:00,3447,"Gloucester Road (North), Kensington",55709,CLASSIC,406081,1088,3447,False,2025-01-17,2025,1,11,669,4,Friday,False,False,True,Winter,6.768017,False,"Working day, off peak",1.3339029522462587
145731824,2025-01-17 17:26:00,1206,"Montpelier Street, Knightsbridge",2025-01-17 17:46:00,1034,"Bruton Street, Mayfair",62916,PBSC_EBIKE,1176596,1206,1034,False,2025-01-17,2025,1,17,1046,4,Friday,False,False,True,Winter,19.609934,True,Evening peak,1.97773176756742
145756404,2025-01-19 08:58:00,300205,"Cromer Street, Bloomsbury",2025-01-19 09:04:00,974,"Guilford Street , Bloomsbury",50330,CLASSIC,306537,300205,974,False,2025-01-19,2025,1,8,538,6,Sunday,True,False,False,Winter,5.10895,False,Weekend or holiday,0.550330948682829
145757974,2025-01-19 10:53:00,1075,"Hyde Park Corner, Hyde Park",2025-01-19 11:20:00,1075,"Hyde Park Corner, Hyde Park",57214,CLASSIC,1615158,1075,1075,True,2025-01-19,2025,1,10,653,6,Sunday,True,False,False,Winter,26.9193,False,Weekend or holiday,0.0
145760166,2025-01-19 12:47:00,1155,"Regency Street, Westminster",2025-01-19 12:50:00,3457,"Rochester Row, Westminster",35089,CLASSIC,164798,,3457,,2025-01-19,2025,1,12,767,6,Sunday,True,False,False,Winter,2.7466333,False,Weekend or holiday,
145763135,2025-01-19 15:05:00,1192,"Embankment (Savoy), Strand",2025-01-19 15:34:00,300248,"Sopwith Way, Battersea Park",53621,CLASSIC,1734121,1192,300248,False,2025-01-19,2025,1,15,905,6,Sunday,True,False,False,Winter,28.902018,False,Weekend or holiday,3.7894210301997
145764039,2025-01-19 15:54:00,300086,"Fulham Broadway, Walham Green",2025-01-19 16:00:00,300091,"Hortensia Road, West Brompton",40791,CLASSIC,358718,300086,300091,False,2025-01-19,2025,1,15,954,6,Sunday,True,False,False,Winter,5.9786334,False,Weekend or holiday,0.6454024975754773
145765415,2025-01-19 17:11:00,2637,"Bermondsey Street, Bermondsey",2025-01-19 17:23:00,300246,"Belvedere Road 2, South Bank",57783,CLASSIC,735911,2637,300246,False,2025-01-19,2025,1,17,1031,6,Sunday,True,False,False,Winter,12.265183,False,Weekend or holiday,2.480888483921135
145799790,2025-01-21 09:32:00,1113,"Trebovir Road, Earl's Court",2025-01-21 09:39:00,1094,"Wright's Lane, Kensington",30450,CLASSIC,383873,1113,1094,False,2025-01-21,2025,1,9,572,1,Tuesday,False,False,True,Winter,6.3978834,True,Morning peak,1.0827529625080765
145804336,2025-01-21 14:01:00,200196,"Simpson Street, Clapham Junction",2025-01-21 14:11:00,200091,"Wandsworth Town Station, Wandsworth",41428,CLASSIC,605809,200196,200091,False,2025-01-21,2025,1,14,841,1,Tuesday,False,False,True,Winter,10.096817,False,"Working day, off peak",1.6044864549405995
145806900,2025-01-21 16:24:00,300015,"Binfield Road, Stockwell",2025-01-21 16:28:00,200173,"Courland Grove, Wandsworth Road",54666,CLASSIC,256551,300015,200173,False,2025-01-21,2025,1,16,984,1,Tuesday,False,False,True,Winter,4.27585,False,"Working day, off peak",0.6437356224697097
145814146,2025-01-21 19:17:00,1202,"Wellington Street , Strand",2025-01-21 19:33:00,1206,"Montpelier Street, Knightsbridge",56438,CLASSIC,929173,1202,1206,False,2025-01-21,2025,1,19,1157,1,Tuesday,False,False,True,Winter,15.486217,True,Evening peak,3.479849438661964
145823500,2025-01-22 08:56:00,1183,"Bramham Gardens, Earl's Court",2025-01-22 09:10:00,22179,"Exhibition Road, Knightsbridge",21532,CLASSIC,847546,1183,22179,False,2025-01-22,2025,1,8,536,2,Wednesday,False,False,True,Winter,14.125767,True,Morning peak,1.5422919102274923
145835290,2025-01-22 17:54:00,1153,"Pall Mall East, West End",2025-01-22 18:22:00,300210,"Halford Road, West Kensington",53142,CLASSIC,1704520,1153,300210,False,2025-01-22,2025,1,17,1074,2,Wednesday,False,False,True,Winter,28.408667,True,Evening peak,5.337930094341579
145854485,2025-01-23 15:09:00,200224,"Colet Gardens, Hammersmith",2025-01-23 15:19:00,200166,"Southerton Road, Hammersmith",35015,CLASSIC,582774,200224,200166,False,2025-01-23,2025,1,15,909,3,Thursday,False,False,True,Winter,9.7129,False,"Working day, off peak",0.8938611988836029
145856673,2025-01-23 17:02:00,3497,"Rathbone Street, Fitzrovia",2025-01-23 17:06:00,1025,"Bolsover Street, Fitzrovia",54475,CLASSIC,253440,3497,1025,False,2025-01-23,2025,1,17,1022,3,Thursday,False,False,True,Winter,4.224,True,Evening peak,0.8412833563685904
145865502,2025-01-23 23:06:00,1131,"Graham Street, Angel",2025-01-23 23:34:00,200174,"Mostyn Grove, Bow",63282,PBSC_EBIKE,1706468,1131,200174,False,2025-01-23,2025,1,23,1386,3,Thursday,False,False,True,Winter,28.441133,False,"Working day, off peak",5.158007846250176
145878623,2025-01-24 17:02:00,1164,"Portland Place, Marylebone",2025-01-24 17:15:00,200195,"St Martins Close, Camden Town",54761,CLASSIC,770317,1164,200195,False,2025-01-24,2025,1,17,1022,4,Friday,False,False,True,Winter,12.838616,True,Evening peak,2.062439436237248
145887801,2025-01-25 08:06:00,1179,"Chelsea Green, Chelsea",2025-01-25 08:24:00,300037,"Ravenscourt Park Station, Hammersmith",60191,PBSC_EBIKE,1109535,1179,300037,False,2025-01-25,2025,1,8,486,5,Saturday,True,False,False,Winter,18.49225,False,Weekend or holiday,4.881964207138018
145888297,2025-01-25 08:53:00,200215,"Greyhound Road, Hammersmith",2025-01-25 09:11:00,300094,"Plough Terrace, Clapham Junction",55719,CLASSIC,1064333,200215,300094,False,2025-01-25,2025,1,8,533,5,Saturday,True,False,False,Winter,17.738884,False,Weekend or holiday,3.779193483198473
145916070,2025-01-27 06:52:00,1035,"Boston Place, Marylebone",2025-01-27 07:08:00,22179,"Exhibition Road, Knightsbridge",40016,CLASSIC,945027,1035,22179,False,2025-01-27,2025,1,6,412,0,Monday,False,False,True,Winter,15.75045,True,Morning peak,2.6516436153566563
145929849,2025-01-27 17:53:00,300085,"Freston Road, Avondale",2025-01-27 18:15:00,200214,"Woodstock Grove, Shepherd's Bush",62305,PBSC_EBIKE,1333145,300085,200214,False,2025-01-27,2025,1,17,1073,0,Monday,False,False,True,Winter,22.219084,True,Evening peak,1.0048410067093616
145931549,2025-01-27 18:34:00,200189,"Phene Street, Chelsea",2025-01-27 18:38:00,3462,"Royal Avenue 2, Chelsea",63207,PBSC_EBIKE,239195,200189,3462,False,2025-01-27,2025,1,18,1114,0,Monday,False,False,True,Winter,3.9865832,True,Evening peak,0.683040080108896
145943322,2025-01-28 10:48:00,300070,"Imperial Wharf Station, Sands End",2025-01-28 10:51:00,300001,"Sandilands Road, Walham Green",20714,CLASSIC,205203,300070,300001,False,2025-01-28,2025,1,10,648,1,Tuesday,False,False,True,Winter,3.42005,False,"Working day, off peak",0.609637188434946
145946339,2025-01-28 15:36:00,200189,"Phene Street, Chelsea",2025-01-28 15:48:00,200237,"Parson's Green , Parson's Green",58231,CLASSIC,727724,200189,200237,False,2025-01-28,2025,1,15,936,1,Tuesday,False,False,True,Winter,12.128734,False,"Working day, off peak",2.5883815266944437
145952568,2025-01-28 19:13:00,10625,"Penfold Street, Marylebone",2025-01-28 19:30:00,200218,"Addison Road, Holland Park",56904,CLASSIC,999196,10625,200218,False,2025-01-28,2025,1,19,1153,1,Tuesday,False,False,True,Winter,16.653267,True,Evening peak,3.4207273270021696
145963894,2025-01-29 09:33:00,1167,"South Wharf Road, Paddington",2025-01-29 09:47:00,983,"Euston Road, Euston",58164,CLASSIC,826650,1167,983,False,2025-01-29,2025,1,9,573,2,Wednesday,False,False,True,Winter,13.7775,True,Morning peak,3.0307307964041263
145967932,2025-01-29 13:15:00,1220,"Imperial College, Knightsbridge",2025-01-29 13:22:00,200069,"Knaresborough Place, Earl's Court",53269,CLASSIC,399441,1220,200069,False,2025-01-29,2025,1,13,795,2,Wednesday,False,False,True,Winter,6.65735,False,"Working day, off peak",0.9924572549299167
145970083,2025-01-29 15:17:00,2682,"Turquoise Island, Notting Hill",2025-01-29 16:10:00,1147,"Clifton Road, Maida Vale",51375,CLASSIC,3178266,2682,1147,False,2025-01-29,2025,1,15,917,2,Wednesday,False,False,True,Winter,52.9711,False,"Working day, off peak",1.9312425672415385
145973365,2025-01-29 17:21:00,2662,"Butler Place, Westminster",2025-01-29 17:33:00,200173,"Courland Grove, Wandsworth Road",62233,PBSC_EBIKE,710750,2662,200173,False,2025-01-29,2025,1,17,1041,2,Wednesday,False,False,True,Winter,11.845834,True,Evening peak,2.779603137249379
145981056,2025-01-29 21:18:00,3426,"Lansdowne Drive, Hackney Central",2025-01-29 21:42:00,200115,"Flamborough Street, Limehouse",54299,CLASSIC,1451446,3426,200115,False,2025-01-29,2025,1,21,1278,2,Wednesday,False,False,True,Winter,24.190767,False,"Working day, off peak",3.4211690858937818
146009687,2025-01-30 23:36:00,200099,"Upper Bank Street, Canary Wharf",2025-01-30 23:53:00,22176,"Reardon Street, Wapping",59797,CLASSIC,980838,200099,22176,False,2025-01-30,2025,1,23,1416,3,Thursday,False,False,True,Winter,16.3473,False,"Working day, off peak",2.8703951113356423
146034308,2025-02-01 12:44:00,3484,"Houghton Street, Strand",2025-02-01 12:46:00,1202,"Wellington Street , Strand",52544,CLASSIC,127179,3484,1202,False,2025-02-01,2025,2,12,764,5,Saturday,True,False,False,Winter,2.11965,False,Weekend or holiday,0.2874933779702695
146070497,2025-02-03 11:09:00,300096,"Tallis Street, Temple",2025-02-03 11:15:00,1207,"Tavistock Street, Covent Garden",58754,CLASSIC,346444,300096,1207,False,2025-02-03,2025,2,11,669,0,Monday,False,False,True,Winter,5.7740664,False,"Working day, off peak",0.9252058214896459
146072892,2025-02-03 13:43:00,300008,"Normand Park, West Kensington",2025-02-03 13:48:00,200221,"Crabtree Lane, Fulham",58924,CLASSIC,268038,300008,200221,False,2025-02-03,2025,2,13,823,0,Monday,False,False,True,Winter,4.4673,False,"Working day, off peak",1.0188987216580951
146073676,2025-02-03 14:38:00,200011,"Furze Green, Bow",2025-02-03 14:41:00,200038,"Ackroyd Drive, Bow",41753,CLASSIC,157540,200011,200038,False,2025-02-03,2025,2,14,878,0,Monday,False,False,True,Winter,2.6256666,False,"Working day, off peak",0.3958047604656845
146074105,2025-02-03 15:07:00,1200,"Ontario Street, Elephant & Castle",2025-02-03 15:12:00,996,"Borough High Street, The Borough",40670,CLASSIC,273743,1200,996,False,2025-02-03,2025,2,15,907,0,Monday,False,False,True,Winter,4.562383,False,"Working day, off peak",0.6640128424614242
146076341,2025-02-03 16:58:00,2686,"Royal College Street, Camden Town",2025-02-03 17:05:00,1010,"Cartwright Gardens , Bloomsbury",52531,CLASSIC,449551,2686,1010,False,2025-02-03,2025,2,16,1018,0,Monday,False,False,True,Winter,7.4925165,False,"Working day, off peak",1.23195369321084
146076396,2025-02-03 16:59:00,300079,"London Street, Paddington",2025-02-03 17:32:00,200030,"Driffield Road, Old Ford",62502,PBSC_EBIKE,1943026,300079,200030,False,2025-02-03,2025,2,16,1019,0,Monday,False,False,True,Winter,32.383766,False,"Working day, off peak",9.66701779386789
146081792,2025-02-03 19:08:00,1056,"Finsbury Square , Moorgate",2025-02-03 19:25:00,200249,"Queen Mary's, Mile End",40986,CLASSIC,1045867,1056,200249,False,2025-02-03,2025,2,19,1148,0,Monday,False,False,True,Winter,17.431116,True,Evening peak,3.066775559685808
146082280,2025-02-03 19:25:00,300082,"Bridge Avenue, Hammersmith",2025-02-03 19:38:00,200136,"BBC White City, White City",58071,CLASSIC,792512,300082,200136,False,2025-02-03,2025,2,19,1165,0,Monday,False,False,True,Winter,13.208533,True,Evening peak,2.5327438002250897
146089321,2025-02-04 08:20:00,300070,"Imperial Wharf Station, Sands End",2025-02-04 08:38:00,200096,"Green Park Station, Mayfair",57324,CLASSIC,1098336,300070,200096,False,2025-02-04,2025,2,8,500,1,Tuesday,False,False,True,Winter,18.3056,True,Morning peak,4.518078702884972
146099599,2025-02-04 15:32:00,3456,"Portugal Street, Holborn",2025-02-04 15:41:00,300237,"Tate Modern, Bankside",55426,CLASSIC,525703,3456,300237,False,2025-02-04,2025,2,15,932,1,Tuesday,False,False,True,Winter,8.761717,False,"Working day, off peak",1.5082633651203905
146112797,2025-02-05 07:11:00,300091,"Hortensia Road, West Brompton",2025-02-05 07:33:00,300236,"Bevington Road West, North Kensington",51032,CLASSIC,1349051,300091,300236,False,2025-02-05,2025,2,7,431,2,Wednesday,False,False,True,Winter,22.484184,True,Morning peak,4.679728286512147
146141339,2025-02-06 08:02:00,200189,"Phene Street, Chelsea",2025-02-06 08:27:00,300240,"Lincoln's Inn Fields, Holborn",62227,PBSC_EBIKE,1499663,200189,300240,False,2025-02-06,2025,2,8,482,3,Thursday,False,False,True,Winter,24.994383,True,Morning peak,4.890561081592059
146149537,2025-02-06 12:10:00,1203,"Eastbourne Mews, Paddington",2025-02-06 12:20:00,1035,"Boston Place, Marylebone",59092,CLASSIC,595294,1203,1035,False,2025-02-06,2025,2,12,730,3,Thursday,False,False,True,Winter,9.921567,False,"Working day, off peak",1.3477091895818127
146150917,2025-02-06 13:21:00,1009,"Taviton Street, Bloomsbury",2025-02-06 13:29:00,3470,"Great Percy Street, Clerkenwell",57239,CLASSIC,506205,1009,3470,False,2025-02-06,2025,2,13,801,3,Thursday,False,False,True,Winter,8.43675,False,"Working day, off peak",1.1668330381320031
146169218,2025-02-07 08:51:00,3439,"Tavistock Place, Bloomsbury",2025-02-07 09:05:00,1197,"Sackville Street, Mayfair",52450,CLASSIC,808132,3439,1197,False,2025-02-07,2025,2,8,531,4,Friday,False,False,True,Winter,13.468866,True,Morning peak,2.0908995825342105
146175761,2025-02-07 16:33:00,3490,"Southwick Street, Paddington",2025-02-07 16:47:00,995,"Little Argyll Street, West End",57935,CLASSIC,823654,3490,995,False,2025-02-07,2025,2,16,993,4,Friday,False,False,True,Winter,13.727567,False,"Working day, off peak",1.9322610786520866
146192850,2025-02-08 23:01:00,300242,"Allington Street, Victoria",2025-02-08 23:40:00,300018,"Charing Cross Hospital, Hammersmith",57636,CLASSIC,2324865,300242,300018,False,2025-02-08,2025,2,23,1381,5,Saturday,True,False,False,Winter,38.74775,False,Weekend or holiday,5.304063304513779
146196982,2025-02-09 12:04:00,1109,"Wellington Arch, Hyde Park",2025-02-09 12:36:00,1217,"Serpentine Car Park, Hyde Park",55918,CLASSIC,1940949,1109,1217,False,2025-02-09,2025,2,12,724,6,Sunday,True,False,False,Winter,32.34915,False,Weekend or holiday,1.6454639750806577
146224629,2025-02-11 07:13:00,200212,"Blackfriars Station, St. Paul's",2025-02-11 07:28:00,1102,"Leman Street, Aldgate",52163,CLASSIC,878858,200212,1102,False,2025-02-11,2025,2,7,433,1,Tuesday,False,False,True,Winter,14.647634,True,Morning peak,2.3212490076524737
146225107,2025-02-11 07:32:00,200196,"Simpson Street, Clapham Junction",2025-02-11 07:59:00,200202,"Storey's Gate, Westminster",57951,CLASSIC,1573557,200196,200202,False,2025-02-11,2025,2,7,452,1,Tuesday,False,False,True,Winter,26.22595,True,Morning peak,4.368382865120187
146242674,2025-02-11 18:26:00,3493,"South Audley Street, Mayfair",2025-02-11 18:46:00,300008,"Normand Park, West Kensington",52352,CLASSIC,1186423,3493,300008,False,2025-02-11,2025,2,18,1106,1,Tuesday,False,False,True,Winter,19.773716,True,Evening peak,4.62181814759171
146246743,2025-02-11 21:01:00,1008,"Hatton Wall, Holborn",2025-02-11 21:07:00,1066,"Calshot Street , King's Cross",60134,PBSC_EBIKE,326317,1008,1066,False,2025-02-11,2025,2,21,1261,1,Tuesday,False,False,True,Winter,5.4386168,False,"Working day, off peak",1.2141906733681316
146252333,2025-02-12 08:24:00,300052,"Parsons Green Station, Parsons Green",2025-02-12 08:44:00,3460,"Warwick Square, Pimlico",52239,CLASSIC,1223103,300052,3460,False,2025-02-12,2025,2,8,504,2,Wednesday,False,False,True,Winter,20.38505,True,Morning peak,4.470423876099832
146255477,2025-02-12 09:21:00,1142,"Tooley Street, Bermondsey",2025-02-12 09:29:00,200157,"Fournier Street, Whitechapel",62772,PBSC_EBIKE,462441,1142,200157,False,2025-02-12,2025,2,9,561,2,Wednesday,False,False,True,Winter,7.70735,True,Morning peak,1.8007204011449371
146263017,2025-02-12 16:33:00,300032,"Victoria & Albert Museum, South Kensington",2025-02-12 17:06:00,200096,"Green Park Station, Mayfair",21923,CLASSIC,1981884,300032,200096,False,2025-02-12,2025,2,16,993,2,Wednesday,False,False,True,Winter,33.0314,False,"Working day, off peak",2.4039994806350986
146264717,2025-02-12 17:24:00,300220,"Farringdon Street, Holborn",2025-02-12 17:34:00,1222,"Goswell Road (City Uni), Finsbury",55823,CLASSIC,559543,300220,1222,False,2025-02-12,2025,2,17,1044,2,Wednesday,False,False,True,Winter,9.325717,True,Evening peak,1.3029584522235194
146286921,2025-02-13 15:43:00,300224,"New Spring Gardens Walk, Vauxhall",2025-02-13 15:55:00,200210,"Westbridge Road, Battersea",60346,PBSC_EBIKE,692053,300224,200210,False,2025-02-13,2025,2,15,943,3,Thursday,False,False,True,Winter,11.534217,False,"Working day, off peak",3.481076412321303
146289219,2025-02-13 17:13:00,1153,"Pall Mall East, West End",2025-02-13 17:34:00,200021,"Hermitage Court, Wapping",55841,CLASSIC,1234282,1153,200021,False,2025-02-13,2025,2,17,1033,3,Thursday,False,False,True,Winter,20.571367,True,Evening peak,4.661125852736841
146303442,2025-02-14 09:39:00,200120,"Grant Road East, Clapham Junction",2025-02-14 10:00:00,1089,"Queen's Gate (Central), South Kensington",58097,CLASSIC,1270754,200120,1089,False,2025-02-14,2025,2,9,579,4,Friday,False,False,True,Winter,21.179234,True,Morning peak,3.25680550211038
146312894,2025-02-14 17:17:00,22158,"Exhibition Road Museums 1, South Kensington",2025-02-14 17:33:00,200077,"Vicarage Crescent, Battersea",51248,CLASSIC,955945,22158,200077,False,2025-02-14,2025,2,17,1037,4,Friday,False,False,True,Winter,15.932417,True,Evening peak,2.6288846932581125
146320923,2025-02-15 09:08:00,1116,"Emperor's Gate, South Kensington",2025-02-15 09:12:00,3436,"Derry Street, Kensington",24424,CLASSIC,223103,1116,3436,False,2025-02-15,2025,2,9,548,5,Saturday,True,False,False,Winter,3.7183833,False,Weekend or holiday,0.7922088049187276
146344700,2025-02-16 17:09:00,10624,"Strata, Elephant & Castle",2025-02-16 17:18:00,300225,"Normandy Road, Stockwell",56136,CLASSIC,576401,10624,300225,False,2025-02-16,2025,2,17,1029,6,Sunday,True,False,False,Winter,9.606684,False,Weekend or holiday,2.3177469477833488
146345919,2025-02-16 18:31:00,1124,"Sumner Place, South Kensington",2025-02-16 19:08:00,1077,"Royal London Hospital, Whitechapel",54345,CLASSIC,2244573,1124,1077,False,2025-02-16,2025,2,18,1111,6,Sunday,True,False,False,Winter,37.40955,False,Weekend or holiday,8.370674077285093
146362341,2025-02-17 17:25:00,1162,"Dorset Square, Marylebone",2025-02-17 17:33:00,3422,"Charlbert Street, St. John's Wood",58705,CLASSIC,510434,1162,3422,False,2025-02-17,2025,2,17,1045,0,Monday,False,False,True,Winter,8.507234,True,Evening peak,1.3876568919010082
146364541,2025-02-17 18:15:00,1065,"Aldersgate Street, Barbican",2025-02-17 18:24:00,1062,"Braham Street, Aldgate",56074,CLASSIC,528860,1065,1062,False,2025-02-17,2025,2,18,1095,0,Monday,False,False,True,Winter,8.814333,True,Evening peak,1.803489169722835
146366413,2025-02-17 19:11:00,3494,"Foley Street, Fitzrovia",2025-02-17 19:28:00,1080,"Great Tower Street, Monument",60566,PBSC_EBIKE,1031692,3494,1080,False,2025-02-17,2025,2,19,1151,0,Monday,False,False,True,Winter,17.194866,True,Evening peak,4.094447933238089
146369704,2025-02-18 02:38:00,300247,"Cranmer Road, Stockwell",2025-02-18 02:56:00,200216,"Clements Road, Bermondsey",60187,PBSC_EBIKE,1041258,300247,200216,False,2025-02-18,2025,2,2,158,1,Tuesday,False,False,True,Winter,17.3543,False,"Working day, off peak",3.8681921450057595
146373787,2025-02-18 08:30:00,1072,"Waterloo Station 3, Waterloo",2025-02-18 08:45:00,300221,"Battersea Power Station, Battersea Park",57176,CLASSIC,854673,1072,300221,False,2025-02-18,2025,2,8,510,1,Tuesday,False,False,True,Winter,14.24455,True,Morning peak,3.304772946625668
146388418,2025-02-18 18:18:00,1092,"Moorfields, Moorgate",2025-02-18 18:26:00,200213,"Durant Street, Bethnal Green",63224,PBSC_EBIKE,524606,1092,200213,False,2025-02-18,2025,2,18,1098,1,Tuesday,False,False,True,Winter,8.743433,True,Evening peak,1.901675239259192
146407867,2025-02-19 16:20:00,991,"Crosswall, Tower",2025-02-19 16:24:00,1102,"Leman Street, Aldgate",56559,CLASSIC,233393,991,1102,False,2025-02-19,2025,2,16,980,2,Wednesday,False,False,True,Winter,3.8898833,False,"Working day, off peak",0.5314087684305809
146426062,2025-02-20 10:26:00,1079,"Endsleigh Gardens, Euston",2025-02-20 10:35:00,982,"Holborn Circus, Holborn",60308,PBSC_EBIKE,588262,1079,982,False,2025-02-20,2025,2,10,626,3,Thursday,False,False,True,Winter,9.804367,False,"Working day, off peak",1.8059401157569535
146435938,2025-02-20 18:30:00,200248,"Pitfield Street Central, Hoxton",2025-02-20 18:39:00,200239,"Old Montague Street, Whitechapel",59928,CLASSIC,522762,200248,200239,False,2025-02-20,2025,2,18,1110,3,Thursday,False,False,True,Winter,8.7127,True,Evening peak,1.891470527308665
146437998,2025-02-20 19:36:00,200029,"Finlay Street, Fulham",2025-02-20 19:44:00,200235,"Manbre Road, Hammersmith",21557,CLASSIC,512411,200029,200235,False,2025-02-20,2025,2,19,1176,3,Thursday,False,False,True,Winter,8.540183,True,Evening peak,1.1207264402392354
146440483,2025-02-20 22:12:00,991,"Crosswall, Tower",2025-02-20 22:39:00,200014,"Gunmakers Lane, Old Ford",58325,CLASSIC,1622661,991,200014,False,2025-02-20,2025,2,22,1332,3,Thursday,False,False,True,Winter,27.04435,False,"Working day, off peak",4.004456770598862
146441790,2025-02-21 05:45:00,22161,"Vincent Street, Pimlico",2025-02-21 05:55:00,1103,"Gloucester Street, Pimlico",50332,CLASSIC,552253,22161,1103,False,2025-02-21,2025,2,5,345,4,Friday,False,False,True,Winter,9.204217,True,Morning peak,0.7113612460032622
146447259,2025-02-21 10:27:00,1133,"Baylis Road, Waterloo",2025-02-21 10:41:00,2691,"Howland Street, Fitzrovia",59906,CLASSIC,829306,1133,2691,False,2025-02-21,2025,2,10,627,4,Friday,False,False,True,Winter,13.821767,False,"Working day, off peak",2.9267446020490775
146453847,2025-02-21 16:16:00,3495,"Wells Street, Fitzrovia",2025-02-21 16:21:00,1090,"Warren Street Station, Euston",30449,CLASSIC,305797,3495,1090,False,2025-02-21,2025,2,16,976,4,Friday,False,False,True,Winter,5.0966167,False,"Working day, off peak",0.7888253330394346
146477723,2025-02-22 21:13:00,1083,"Commercial Street, Shoreditch",2025-02-22 21:23:00,200241,"Bonner Gate, Victoria Park",51957,CLASSIC,598220,1083,200241,False,2025-02-22,2025,2,21,1273,5,Saturday,True,False,False,Winter,9.970333,False,Weekend or holiday,2.248146609821907
146478028,2025-02-22 21:44:00,200184,"Erin Close, Walham Green",2025-02-22 21:59:00,300010,"Surrey Lane, Battersea",53397,CLASSIC,856668,200184,300010,False,2025-02-22,2025,2,21,1304,5,Saturday,True,False,False,Winter,14.2778,False,Weekend or holiday,2.0382864427296825
146485206,2025-02-23 12:36:00,10624,"Strata, Elephant & Castle",2025-02-23 12:49:00,200240,"Ferndale Road, Brixton",53635,CLASSIC,780870,10624,200240,False,2025-02-23,2025,2,12,756,6,Sunday,True,False,False,Winter,13.0145,False,Weekend or holiday,3.422021118537013
146531058,2025-02-25 17:22:00,200253,"Fore Street Avenue, Guildhall",2025-02-25 17:28:00,300083,"Duke Street Hill, London Bridge",63116,PBSC_EBIKE,351894,200253,300083,False,2025-02-25,2025,2,17,1042,1,Tuesday,False,False,True,Winter,5.8649,True,Evening peak,1.297651409041674
146531063,2025-02-25 17:22:00,1133,"Baylis Road, Waterloo",2025-02-25 17:30:00,3434,"Sancroft Street, Vauxhall",57960,CLASSIC,485087,1133,3434,False,2025-02-25,2025,2,17,1042,1,Tuesday,False,False,True,Winter,8.084784,True,Evening peak,1.3657565161238274
146532489,2025-02-25 17:48:00,1050,"Park Road (Baker Street), The Regent's Park",2025-02-25 18:03:00,300240,"Lincoln's Inn Fields, Holborn",30787,CLASSIC,850466,1050,300240,False,2025-02-25,2025,2,17,1068,1,Tuesday,False,False,True,Winter,14.174434,True,Evening peak,2.9607303223318904
146538930,2025-02-25 21:12:00,1012,"Christopher Street, Liverpool Street",2025-02-25 21:35:00,200146,"Newby Place, Poplar",59410,CLASSIC,1398239,1012,200146,False,2025-02-25,2025,2,21,1272,1,Tuesday,False,False,True,Winter,23.303984,False,"Working day, off peak",5.181917053129169
146540154,2025-02-25 23:00:00,10627,"Grosvenor Square, Mayfair",2025-02-25 23:15:00,1182,"Notting Hill Gate Station, Notting Hill",51539,CLASSIC,871388,10627,1182,False,2025-02-25,2025,2,23,1380,1,Tuesday,False,False,True,Winter,14.523133,False,"Working day, off peak",3.1946998553166326
146549647,2025-02-26 12:21:00,970,"Scala Street, Fitzrovia",2025-02-26 12:31:00,3482,"Beaumont Street, Marylebone",56513,CLASSIC,586028,970,3482,False,2025-02-26,2025,2,12,741,2,Wednesday,False,False,True,Winter,9.767134,False,"Working day, off peak",1.085242569135666
146598762,2025-02-28 12:11:00,1052,"Soho Square , Soho",2025-02-28 12:14:00,988,"Great Russell Street, Bloomsbury",63013,PBSC_EBIKE,173166,1052,988,False,2025-02-28,2025,2,12,731,4,Friday,False,False,True,Winter,2.8861,False,"Working day, off peak",0.3875026031758911
146616533,2025-03-01 09:55:00,200211,"Union Grove, Wandsworth Road",2025-03-01 09:58:00,200183,"Battersea Park Road, Nine Elms",50511,CLASSIC,223887,200211,200183,False,2025-03-01,2025,3,9,595,5,Saturday,True,False,False,Spring,3.73145,False,Weekend or holiday,0.9029653093956872
146617285,2025-03-01 10:33:00,300236,"Bevington Road West, North Kensington",2025-03-01 10:48:00,1002,"Holy Trinity Brompton, Knightsbridge",54900,CLASSIC,940057,300236,1002,False,2025-03-01,2025,3,10,633,5,Saturday,True,False,False,Spring,15.667617,False,Weekend or holiday,3.8548333408566693
146620742,2025-03-01 12:51:00,1088,"Triangle Car Park, Hyde Park",2025-03-01 13:07:00,1037,"Park Lane , Hyde Park",55530,CLASSIC,972822,1088,1037,False,2025-03-01,2025,3,12,771,5,Saturday,True,False,False,Spring,16.2137,False,Weekend or holiday,0.9834600194641593
146624238,2025-03-01 14:48:00,1088,"Triangle Car Park, Hyde Park",2025-03-01 15:07:00,1231,"Queen's Gate, Kensington Gardens",58814,CLASSIC,1108669,1088,1231,False,2025-03-01,2025,3,14,888,5,Saturday,True,False,False,Spring,18.477818,False,Weekend or holiday,0.8464835003933042
146655614,2025-03-03 08:05:00,1205,"Black Prince Road, Vauxhall",2025-03-03 08:14:00,200202,"Storey's Gate, Westminster",53947,CLASSIC,550102,1205,200202,False,2025-03-03,2025,3,8,485,0,Monday,False,False,True,Spring,9.168366,True,Morning peak,1.4070518423064686
146697824,2025-03-04 17:35:00,300031,"Islington Green, Angel",2025-03-04 17:42:00,300205,"Cromer Street, Bloomsbury",57363,CLASSIC,413842,300031,300205,False,2025-03-04,2025,3,17,1055,1,Tuesday,False,False,True,Spring,6.8973665,True,Evening peak,1.470650202925745
146715767,2025-03-05 10:09:00,300217,"Here East North, Queen Elizabeth Olympic Park",2025-03-05 13:28:00,200115,"Flamborough Street, Limehouse",20409,CLASSIC,11945661,300217,200115,False,2025-03-05,2025,3,10,609,2,Wednesday,False,False,True,Spring,199.09435,False,"Working day, off peak",4.14530985086487
146754857,2025-03-06 17:05:00,200068,"Somerset House, Strand",2025-03-06 17:23:00,200020,"Shadwell Station, Shadwell",52616,CLASSIC,1083359,200068,200020,False,2025-03-06,2025,3,17,1025,3,Thursday,False,False,True,Spring,18.055983,True,Evening peak,4.186040406637762
146758000,2025-03-06 18:02:00,1154,"Kennington Road, Vauxhall",2025-03-06 18:34:00,10629,"Rotherhithe Roundabout, Rotherhithe",52594,CLASSIC,1933197,1154,10629,False,2025-03-06,2025,3,18,1082,3,Thursday,False,False,True,Spring,32.21995,True,Evening peak,3.8295899227072523
146771841,2025-03-07 09:37:00,200141,"Westfield Ariel Way, White City",2025-03-07 10:06:00,1123,"Southampton Place, Holborn",53472,CLASSIC,1746456,200141,1123,False,2025-03-07,2025,3,9,577,4,Friday,False,False,True,Spring,29.1076,True,Morning peak,7.173813159788155
146775885,2025-03-07 12:36:00,1109,"Wellington Arch, Hyde Park",2025-03-07 12:59:00,1160,"Craven Street, Strand",57269,CLASSIC,1408950,1109,1160,False,2025-03-07,2025,3,12,756,4,Friday,False,False,True,Spring,23.4825,False,"Working day, off peak",1.7354823867176132
146790142,2025-03-07 20:28:00,1172,"Queen's Gate (South), South Kensington",2025-03-07 20:35:00,1094,"Wright's Lane, Kensington",55095,CLASSIC,397001,1172,1094,False,2025-03-07,2025,3,20,1228,4,Friday,False,False,True,Spring,6.6166835,False,"Working day, off peak",1.3422334883942646
146817168,2025-03-08 20:00:00,200221,"Crabtree Lane, Fulham",2025-03-08 20:14:00,300075,"Upcerne Road, West Chelsea",55463,CLASSIC,855476,200221,300075,False,2025-03-08,2025,3,20,1200,5,Saturday,True,False,False,Spring,14.257934,False,Weekend or holiday,2.6106498619571163
146820717,2025-03-09 03:13:00,3431,"Grafton Street, Mayfair",2025-03-09 03:22:00,2680,"Harrowby Street, Marylebone",57591,CLASSIC,552157,3431,2680,False,2025-03-09,2025,3,3,193,6,Sunday,True,False,False,Spring,9.202617,False,Weekend or holiday,1.65156296795314
146827118,2025-03-09 12:11:00,200094,"St. Bride Street, Holborn",2025-03-09 12:15:00,3432,"Farringdon Lane, Clerkenwell",61197,PBSC_EBIKE,276538,200094,3432,False,2025-03-09,2025,3,12,731,6,Sunday,True,False,False,Spring,4.608967,False,Weekend or holiday,1.0183680938653208
146829255,2025-03-09 13:04:00,3461,"Sloane Avenue, Knightsbridge",2025-03-09 13:08:00,3440,"Royal Avenue 1, Chelsea",54011,CLASSIC,210870,3461,3440,False,2025-03-09,2025,3,13,784,6,Sunday,True,False,False,Spring,3.5145,False,Weekend or holiday,0.5086535603481085
146829263,2025-03-09 13:05:00,1165,"Riverlight North, Nine Elms",2025-03-09 13:20:00,2694,"Clapham Common Station, Clapham Common",56322,CLASSIC,937928,1165,2694,False,2025-03-09,2025,3,13,785,6,Sunday,True,False,False,Spring,15.6321335,False,Weekend or holiday,2.342052821804017
146875834,2025-03-11 08:39:00,300206,"Saltoun Road, Brixton",2025-03-11 09:08:00,995,"Little Argyll Street, West End",63332,PBSC_EBIKE,1756669,300206,995,False,2025-03-11,2025,3,8,519,1,Tuesday,False,False,True,Spring,29.277817,True,Morning peak,6.297980582465795
146884861,2025-03-11 15:41:00,300211,"Ossulston Street, Somers Town",2025-03-11 15:50:00,300074,"Newton Street, Covent Garden",23351,CLASSIC,510214,300211,300074,False,2025-03-11,2025,3,15,941,1,Tuesday,False,False,True,Spring,8.503567,False,"Working day, off peak",1.5508791849965595
146896726,2025-03-11 22:11:00,2692,"Waterloo Station 2, Waterloo",2025-03-11 22:20:00,1040,"West Smithfield Rotunda, Farringdon",62692,PBSC_EBIKE,548586,2692,1040,False,2025-03-11,2025,3,22,1331,1,Tuesday,False,False,True,Spring,9.1431,False,"Working day, off peak",1.8145465563442322
146902250,2025-03-12 08:30:00,300079,"London Street, Paddington",2025-03-12 08:48:00,1097,"Northumberland Avenue, Strand",51126,CLASSIC,1100264,300079,1097,False,2025-03-12,2025,3,8,510,2,Wednesday,False,False,True,Spring,18.337734,True,Morning peak,3.5832654981502507
146912044,2025-03-12 15:54:00,2696,"Waterloo Station 1, Waterloo",2025-03-12 16:03:00,960,"Hop Exchange, The Borough",60192,PBSC_EBIKE,530173,2696,960,False,2025-03-12,2025,3,15,954,2,Wednesday,False,False,True,Spring,8.836217,False,"Working day, off peak",1.5304590777050895
146923441,2025-03-12 22:46:00,1225,"George Street, Marylebone",2025-03-12 23:00:00,1106,"Rampayne Street, Pimlico",21522,CLASSIC,865034,1225,1106,False,2025-03-12,2025,3,22,1366,2,Wednesday,False,False,True,Spring,14.417233,False,"Working day, off peak",3.416390946587803
146931209,2025-03-13 09:35:00,1087,"Belgrave Road, Victoria",2025-03-13 09:50:00,300250,"Temple Gardens, Temple",52529,CLASSIC,865866,1087,300250,False,2025-03-13,2025,3,9,575,3,Thursday,False,False,True,Spring,14.4311,True,Morning peak,3.170363017443078
146939113,2025-03-13 17:09:00,200203,"King Edward Street, St Pauls",2025-03-13 17:27:00,200250,"Cleveland Way, Stepney",58947,CLASSIC,1119088,200203,200250,False,2025-03-13,2025,3,17,1029,3,Thursday,False,False,True,Spring,18.651466,True,Evening peak,3.304294592900928
146948703,2025-03-14 06:09:00,965,"Tachbrook Street, Victoria",2025-03-14 06:25:00,300080,"Culvert Road, Battersea",54765,CLASSIC,963934,965,300080,False,2025-03-14,2025,3,6,369,4,Friday,False,False,True,Spring,16.065567,True,Morning peak,2.698478233819174
146967197,2025-03-14 18:59:00,300210,"Halford Road, West Kensington",2025-03-14 19:05:00,300001,"Sandilands Road, Walham Green",59492,CLASSIC,380525,300210,300001,False,2025-03-14,2025,3,18,1139,4,Friday,False,False,True,Spring,6.3420835,True,Evening peak,1.2138365647062088
146967862,2025-03-14 19:27:00,200053,"Killick Street, King's Cross",2025-03-14 19:47:00,3452,"Panton Street, West End",55133,CLASSIC,1222323,200053,3452,False,2025-03-14,2025,3,19,1167,4,Friday,False,False,True,Spring,20.37205,True,Evening peak,2.8294966669682178
146987602,2025-03-15 18:10:00,1224,"Vauxhall Street, Vauxhall",2025-03-15 18:16:00,1154,"Kennington Road, Vauxhall",54249,CLASSIC,399856,1224,1154,False,2025-03-15,2025,3,18,1090,5,Saturday,True,False,False,Spring,6.6642666,False,Weekend or holiday,1.0511894950550291
146996185,2025-03-16 11:49:00,10624,"Strata, Elephant & Castle",2025-03-16 12:04:00,1028,"William IV Street, Strand",54224,CLASSIC,909903,10624,1028,False,2025-03-16,2025,3,11,709,6,Sunday,True,False,False,Spring,15.16505,False,Weekend or holiday,2.503423732445144
147018754,2025-03-17 13:08:00,22174,"Granby Street, Shoreditch",2025-03-17 13:33:00,300200,"East Village, Queen Elizabeth Olympic Park",56205,CLASSIC,1516510,22174,300200,False,2025-03-17,2025,3,13,788,0,Monday,False,False,True,Spring,25.275167,False,"Working day, off peak",4.720808107485754
147021618,2025-03-17 16:00:00,3449,"Breams Buildings, Holborn",2025-03-17 16:10:00,984,"Finsbury Circus, Liverpool Street",54633,CLASSIC,577477,3449,984,False,2025-03-17,2025,3,16,960,0,Monday,False,False,True,Spring,9.624617,False,"Working day, off peak",1.7409249727369753
147056603,2025-03-18 19:21:00,3437,"Curzon Street, Mayfair",2025-03-18 19:33:00,1041,"Westbourne Grove, Bayswater",24343,CLASSIC,772874,3437,1041,False,2025-03-18,2025,3,19,1161,1,Tuesday,False,False,True,Spring,12.881233,True,Evening peak,3.2091698306395733
147085642,2025-03-19 19:17:00,3500,"Baldwin Street, St. Luke's",2025-03-19 19:21:00,200246,"Eagle Wharf Road, Hoxton",57401,CLASSIC,220821,3500,200246,False,2025-03-19,2025,3,19,1157,2,Wednesday,False,False,True,Spring,3.68035,True,Evening peak,0.7934975623256807
147109672,2025-03-20 16:58:00,2667,"Tower Wharf, Bermondsey",2025-03-20 17:09:00,300214,"Blackfriars Road, Southwark",20750,CLASSIC,709966,2667,300214,False,2025-03-20,2025,3,16,1018,3,Thursday,False,False,True,Spring,11.832767,False,"Working day, off peak",2.127949390252807
147120109,2025-03-20 21:36:00,960,"Hop Exchange, The Borough",2025-03-20 21:49:00,300247,"Cranmer Road, Stockwell",52414,CLASSIC,767571,960,300247,False,2025-03-20,2025,3,21,1296,3,Thursday,False,False,True,Spring,12.79285,False,"Working day, off peak",3.098961981697172
147123331,2025-03-21 07:25:00,200105,"Bonny Street, Camden Town",2025-03-21 07:29:00,200070,"Arlington Road, Camden Town",40668,CLASSIC,233302,200105,200070,False,2025-03-21,2025,3,7,445,4,Friday,False,False,True,Spring,3.8883667,True,Morning peak,0.4785165638877211
147132879,2025-03-21 13:27:00,3494,"Foley Street, Fitzrovia",2025-03-21 13:35:00,1035,"Boston Place, Marylebone",56560,CLASSIC,462705,3494,1035,False,2025-03-21,2025,3,13,807,4,Friday,False,False,True,Spring,7.71175,False,"Working day, off peak",1.5539747829023083
147149359,2025-03-22 06:30:00,1227,"Devonshire Terrace, Bayswater",2025-03-22 06:51:00,300031,"Islington Green, Angel",63521,PBSC_EBIKE,1254384,1227,300031,False,2025-03-22,2025,3,6,390,5,Saturday,True,False,False,Spring,20.9064,False,Weekend or holiday,5.905368643713369
147155093,2025-03-22 11:57:00,1055,"Wellington Road, St. John's Wood",2025-03-22 12:22:00,2665,"Lord's, St. John's Wood",40962,CLASSIC,1510525,1055,2665,False,2025-03-22,2025,3,11,717,5,Saturday,True,False,False,Spring,25.175417,False,Weekend or holiday,0.44589150158708446
147169973,2025-03-22 20:28:00,1210,"Nevern Place, Earl's Court",2025-03-22 22:20:00,3465,"Eccleston Place, Victoria",50233,CLASSIC,6730841,1210,3465,False,2025-03-22,2025,3,20,1228,5,Saturday,True,False,False,Spring,112.18069,False,Weekend or holiday,3.26372112365611
147172457,2025-03-23 00:32:00,1071,"Tower Gardens , Tower",2025-03-23 00:39:00,200256,"Sutton Street, Shadwell",56134,CLASSIC,449165,1071,200256,False,2025-03-23,2025,3,0,32,6,Sunday,True,False,False,Spring,7.4860835,False,Weekend or holiday,1.5255493546721515
147209086,2025-03-24 17:39:00,1056,"Finsbury Square , Moorgate",2025-03-24 18:28:00,200126,"Usk Road, Clapham Junction",60436,PBSC_EBIKE,2927728,1056,200126,False,2025-03-24,2025,3,17,1059,0,Monday,False,False,True,Spring,48.795467,True,Evening peak,9.244907604152527
147217660,2025-03-25 01:38:00,200018,"Spindrift Avenue, Millwall",2025-03-25 01:49:00,200238,"Westferry DLR, Limehouse",52493,CLASSIC,703390,200018,200238,False,2025-03-25,2025,3,1,98,1,Tuesday,False,False,True,Spring,11.723166,False,"Working day, off peak",2.086946504731832
147235423,2025-03-25 17:12:00,3479,"Old Brompton Road, South Kensington",2025-03-25 17:31:00,200207,"Hartington Road, Stockwell",60398,PBSC_EBIKE,1137179,3479,200207,False,2025-03-25,2025,3,17,1032,1,Tuesday,False,False,True,Spring,18.952984,True,Evening peak,4.032289555406452
147284227,2025-03-27 09:24:00,1029,"Windsor Terrace, Hoxton",2025-03-27 09:34:00,200064,"Regent's Row , Haggerston",58035,CLASSIC,591332,1029,200064,False,2025-03-27,2025,3,9,564,3,Thursday,False,False,True,Spring,9.855534,True,Morning peak,2.255505952204152
147285360,2025-03-27 10:01:00,300073,"Prince of Wales Drive, Battersea Park",2025-03-27 10:29:00,3507,"Store Street, Bloomsbury",50865,CLASSIC,1670402,300073,3507,False,2025-03-27,2025,3,10,601,3,Thursday,False,False,True,Spring,27.840033,False,"Working day, off peak",5.281692034800873
147296340,2025-03-27 17:25:00,200125,"Putney Bridge Station, Fulham",2025-03-27 17:29:00,200029,"Finlay Street, Fulham",54228,CLASSIC,245426,200125,200029,False,2025-03-27,2025,3,17,1045,3,Thursday,False,False,True,Spring,4.090433,True,Evening peak,0.978123035350006
147299680,2025-03-27 18:22:00,3439,"Tavistock Place, Bloomsbury",2025-03-27 18:28:00,1019,"Ampton Street , Clerkenwell",22448,CLASSIC,329063,3439,1019,False,2025-03-27,2025,3,18,1102,3,Thursday,False,False,True,Spring,5.484383,True,Evening peak,0.3784499126258006
147344812,2025-03-29 14:58:00,2670,"Paddington Green, Paddington",2025-03-29 15:10:00,1052,"Soho Square , Soho",52319,CLASSIC,746476,2670,1052,False,2025-03-29,2025,3,14,898,5,Saturday,True,False,False,Spring,12.441267,False,Weekend or holiday,2.968350295180172
147350287,2025-03-29 17:32:00,200174,"Mostyn Grove, Bow",2025-03-29 17:37:00,200014,"Gunmakers Lane, Old Ford",56121,CLASSIC,282802,200174,200014,False,2025-03-29,2025,3,17,1052,5,Saturday,True,False,False,Spring,4.7133665,False,Weekend or holiday,0.7512363919258518
147367668,2025-03-30 15:05:00,1132,"Albert Gate, Hyde Park",2025-03-30 15:22:00,3446,"De Vere Gardens, Kensington",50252,CLASSIC,1016297,1132,3446,False,2025-03-30,2025,3,15,905,6,Sunday,True,False,False,Spring,16.938284,False,Weekend or holiday,1.8408816726608859
147370308,2025-03-30 16:22:00,200067,"Princedale Road , Holland Park",2025-03-30 16:30:00,300023,"All Saints Church, Portobello",53216,CLASSIC,492242,200067,300023,False,2025-03-30,2025,3,16,982,6,Sunday,True,False,False,Spring,8.204033,False,Weekend or holiday,1.1688890039504176
147374831,2025-03-30 18:42:00,200099,"Upper Bank Street, Canary Wharf",2025-03-30 18:57:00,200256,"Sutton Street, Shadwell",63331,PBSC_EBIKE,906274,200099,200256,False,2025-03-30,2025,3,18,1122,6,Sunday,True,False,False,Spring,15.104567,False,Weekend or holiday,2.637261635322411
147377350,2025-03-30 21:03:00,1080,"Great Tower Street, Monument",2025-03-30 21:19:00,1192,"Embankment (Savoy), Strand",35755,CLASSIC,987944,1080,1192,False,2025-03-30,2025,3,21,1263,6,Sunday,True,False,False,Spring,16.465733,False,Weekend or holiday,2.497202757063673
147385921,2025-03-31 09:55:00,300020,"West Kensington Station, West Kensington",2025-03-31 10:20:00,1174,"Alderney Street, Pimlico",51695,CLASSIC,1516722,300020,1174,False,2025-03-31,2025,3,9,595,0,Monday,False,False,True,Spring,25.2787,True,Morning peak,4.5311197487029675
147397554,2025-03-31 17:47:00,200190,"Queen's Circus, Battersea Park",2025-03-31 19:33:00,300248,"Sopwith Way, Battersea Park",50958,CLASSIC,6375639,200190,300248,False,2025-03-31,2025,3,17,1067,0,Monday,False,False,True,Spring,106.26065,True,Evening peak,0.3910407675479839
147404823,2025-03-31 21:25:00,300009,"World's End Place, West Chelsea",2025-03-31 21:47:00,200084,"Doddington Grove, Kennington",55783,CLASSIC,1359106,300009,200084,False,2025-03-31,2025,3,21,1285,0,Monday,False,False,True,Spring,22.651766,False,"Working day, off peak",5.381301596129804
147408643,2025-04-01 07:50:00,962,"Stamford Street, South Bank",2025-04-01 08:05:00,1161,"Brushfield Street, Liverpool Street",55834,CLASSIC,889212,962,1161,False,2025-04-01,2025,4,7,470,1,Tuesday,False,False,True,Spring,14.8202,True,Morning peak,2.685857277710004
147418750,2025-04-01 13:27:00,300249,"Westminster Pier, Westminster",2025-04-01 13:46:00,994,"Tanner Street, Bermondsey",23618,CLASSIC,1096556,300249,994,False,2025-04-01,2025,4,13,807,1,Tuesday,False,False,True,Spring,18.275934,False,"Working day, off peak",3.131763830843933
147428781,2025-04-01 18:31:00,2685,"South Kensington Station, South Kensington",2025-04-01 18:45:00,300010,"Surrey Lane, Battersea",50862,CLASSIC,827348,2685,300010,False,2025-04-01,2025,4,18,1111,1,Tuesday,False,False,True,Spring,13.789133,True,Evening peak,2.1885542892715844
147456776,2025-04-02 18:16:00,3449,"Breams Buildings, Holborn",2025-04-02 18:33:00,300232,"Riverlight South, Nine Elms",60309,PBSC_EBIKE,1033451,3449,,,2025-04-02,2025,4,18,1096,2,Wednesday,False,False,True,Spring,17.224184,True,Evening peak,
147457548,2025-04-02 18:30:00,1203,"Eastbourne Mews, Paddington",2025-04-02 18:44:00,1183,"Bramham Gardens, Earl's Court",59511,CLASSIC,861426,1203,1183,False,2025-04-02,2025,4,18,1110,2,Wednesday,False,False,True,Spring,14.3571,True,Evening peak,3.0215188439576717
147466669,2025-04-03 07:49:00,200156,"Pott Street, Bethnal Green",2025-04-03 07:55:00,1161,"Brushfield Street, Liverpool Street",51008,CLASSIC,373852,200156,1161,False,2025-04-03,2025,4,7,469,3,Thursday,False,False,True,Spring,6.2308664,True,Morning peak,1.7322139360277258
147468369,2025-04-03 08:22:00,200014,"Gunmakers Lane, Old Ford",2025-04-03 08:34:00,300011,"Victoria Park Road, Hackney Central",50445,CLASSIC,708530,200014,300011,False,2025-04-03,2025,4,8,502,3,Thursday,False,False,True,Spring,11.808833,True,Morning peak,1.4440605808684848
147483873,2025-04-03 17:29:00,1075,"Hyde Park Corner, Hyde Park",2025-04-03 17:45:00,200065,"Lansdowne Walk, Ladbroke Grove",62630,PBSC_EBIKE,933057,1075,200065,False,2025-04-03,2025,4,17,1049,3,Thursday,False,False,True,Spring,15.55095,True,Evening peak,3.612312963967047
147495273,2025-04-04 06:46:00,1120,"Chepstow Villas, Notting Hill",2025-04-04 06:53:00,3436,"Derry Street, Kensington",56160,CLASSIC,408446,1120,3436,False,2025-04-04,2025,4,6,406,4,Friday,False,False,True,Spring,6.807433,True,Morning peak,1.3865658011318984
147498361,2025-04-04 08:40:00,1131,"Graham Street, Angel",2025-04-04 08:46:00,1211,"Bunhill Row, Moorgate",51536,CLASSIC,347597,1131,1211,False,2025-04-04,2025,4,8,520,4,Friday,False,False,True,Spring,5.7932835,True,Morning peak,1.4866427518796534
147520372,2025-04-04 21:08:00,1158,"St. Martin's Street, West End",2025-04-04 21:29:00,200179,"Silverthorne Road, Battersea",50223,CLASSIC,1240850,,200179,,2025-04-04,2025,4,21,1268,4,Friday,False,False,True,Spring,20.680834,False,"Working day, off peak",
147544819,2025-04-05 18:56:00,1161,"Brushfield Street, Liverpool Street",2025-04-05 19:07:00,3432,"Farringdon Lane, Clerkenwell",50345,CLASSIC,667867,1161,3432,False,2025-04-05,2025,4,18,1136,5,Saturday,True,False,False,Spring,11.131117,False,Weekend or holiday,2.0770602133028166
147607934,2025-04-08 12:16:00,3505,"Marloes Road, Kensington",2025-04-08 12:22:00,3447,"Gloucester Road (North), Kensington",50869,CLASSIC,340710,3505,3447,False,2025-04-08,2025,4,12,736,1,Tuesday,False,False,True,Spring,5.6785,False,"Working day, off peak",0.6145714447315691
147611643,2025-04-08 15:25:00,1231,"Queen's Gate, Kensington Gardens",2025-04-08 15:53:00,10631,"Holland Park, Kensington",21068,CLASSIC,1674807,1231,10631,False,2025-04-08,2025,4,15,925,1,Tuesday,False,False,True,Spring,27.91345,False,"Working day, off peak",1.4473722454282576
147617032,2025-04-08 17:50:00,984,"Finsbury Circus, Liverpool Street",2025-04-08 18:07:00,2586,"Cloudesley Road, Angel",50644,CLASSIC,980165,984,2586,False,2025-04-08,2025,4,17,1070,1,Tuesday,False,False,True,Spring,16.336082,True,Evening peak,2.4704761089301353
147633489,2025-04-09 09:33:00,2679,"George Row, Bermondsey",2025-04-09 09:36:00,1142,"Tooley Street, Bermondsey",58338,CLASSIC,213018,2679,1142,False,2025-04-09,2025,4,9,573,2,Wednesday,False,False,True,Spring,3.5503,True,Morning peak,0.916597716330887
147657070,2025-04-10 08:17:00,1055,"Wellington Road, St. John's Wood",2025-04-10 08:26:00,200118,"Albert Street, Camden Town",59226,CLASSIC,551704,1055,200118,False,2025-04-10,2025,4,8,497,3,Thursday,False,False,True,Spring,9.195066,True,Morning peak,1.9866421186498329
147681678,2025-04-10 22:43:00,1159,"Berry Street, Clerkenwell",2025-04-10 22:52:00,200072,"Houndsditch, Aldgate",23938,CLASSIC,524666,1159,200072,False,2025-04-10,2025,4,22,1363,3,Thursday,False,False,True,Spring,8.744433,False,"Working day, off peak",1.8345332141693198
147696444,2025-04-11 15:42:00,998,"Lollard Street, Vauxhall",2025-04-11 15:48:00,22170,"Kennington Station, Kennington",54089,CLASSIC,356915,998,22170,False,2025-04-11,2025,4,15,942,4,Friday,False,False,True,Spring,5.948583,False,"Working day, off peak",0.7866717452173528
147716831,2025-04-12 11:39:00,2690,"City Road, Angel",2025-04-12 11:55:00,972,"Hampstead Road, Euston",55956,CLASSIC,972849,2690,972,False,2025-04-12,2025,4,11,699,5,Saturday,True,False,False,Spring,16.21415,False,Weekend or holiday,2.6867169090583225
147730636,2025-04-12 17:42:00,200182,"Rainville Road, Hammersmith",2025-04-12 17:48:00,200098,"Aintree Street, Fulham",54027,CLASSIC,392025,200182,200098,False,2025-04-12,2025,4,17,1062,5,Saturday,True,False,False,Spring,6.53375,False,Weekend or holiday,1.0072492457047302
147743561,2025-04-13 11:42:00,2662,"Butler Place, Westminster",2025-04-13 12:23:00,1231,"Queen's Gate, Kensington Gardens",52297,CLASSIC,2478146,2662,1231,False,2025-04-13,2025,4,11,702,6,Sunday,True,False,False,Spring,41.302433,False,Weekend or holiday,3.1045908484873093
147746699,2025-04-13 13:21:00,1019,"Ampton Street , Clerkenwell",2025-04-13 13:40:00,3424,"Broadcasting House, Marylebone",51360,CLASSIC,1143201,1019,3424,False,2025-04-13,2025,4,13,801,6,Sunday,True,False,False,Spring,19.05335,False,Weekend or holiday,2.063315079286578
147773620,2025-04-14 17:18:00,22179,"Exhibition Road, Knightsbridge",2025-04-14 17:23:00,3436,"Derry Street, Kensington",55040,CLASSIC,279109,22179,3436,False,2025-04-14,2025,4,17,1038,0,Monday,False,False,True,Spring,4.651817,True,Evening peak,1.181371504646927
147780457,2025-04-14 20:10:00,200086,"Ilchester Gardens, Bayswater",2025-04-14 20:32:00,200062,"William Morris Way, Sands End",51926,CLASSIC,1284523,200086,200062,False,2025-04-14,2025,4,20,1210,0,Monday,False,False,True,Spring,21.408716,False,"Working day, off peak",4.8721840342506395
147798104,2025-04-15 18:10:00,200210,"Westbridge Road, Battersea",2025-04-15 18:25:00,200188,"Neville Gill Close, Wandsworth",56400,CLASSIC,859335,200210,200188,False,2025-04-15,2025,4,18,1090,1,Tuesday,False,False,True,Spring,14.32225,True,Evening peak,3.0772757813394107
147807457,2025-04-16 07:59:00,1134,"Warwick Road, Olympia",2025-04-16 08:26:00,3476,"Hinde Street, Marylebone",60289,PBSC_EBIKE,1602303,1134,3476,False,2025-04-16,2025,4,7,479,2,Wednesday,False,False,True,Spring,26.70505,True,Morning peak,4.316704694226413
147828812,2025-04-16 19:32:00,2685,"South Kensington Station, South Kensington",2025-04-16 19:47:00,200120,"Grant Road East, Clapham Junction",57538,CLASSIC,894112,2685,200120,False,2025-04-16,2025,4,19,1172,2,Wednesday,False,False,True,Spring,14.901867,True,Evening peak,3.2827821169154316
147832006,2025-04-16 22:44:00,1109,"Wellington Arch, Hyde Park",2025-04-16 23:05:00,300043,"St. Peter's Terrace, Fulham",52924,CLASSIC,1259099,1109,300043,False,2025-04-16,2025,4,22,1364,2,Wednesday,False,False,True,Spring,20.984983,False,"Working day, off peak",4.862362868301479
147857250,2025-04-17 20:59:00,2685,"South Kensington Station, South Kensington",2025-04-17 21:10:00,300079,"London Street, Paddington",59906,CLASSIC,652139,2685,300079,False,2025-04-17,2025,4,20,1259,3,Thursday,False,False,True,Spring,10.868983,False,"Working day, off peak",2.3023206700062935
147868322,2025-04-18 14:10:00,2586,"Cloudesley Road, Angel",2025-04-18 14:24:00,1074,"Newgate Street , St. Paul's",56968,CLASSIC,861026,2586,1074,False,2025-04-18,2025,4,14,850,4,Friday,False,True,False,Spring,14.350433,False,Weekend or holiday,2.166800689384
147881028,2025-04-19 09:46:00,300048,"Stainsby Road , Poplar",2025-04-19 09:50:00,200038,"Ackroyd Drive, Bow",58497,CLASSIC,291921,300048,200038,False,2025-04-19,2025,4,9,586,5,Saturday,True,False,False,Spring,4.86535,False,Weekend or holiday,0.5955255072712006
147884668,2025-04-19 12:33:00,200069,"Knaresborough Place, Earl's Court",2025-04-19 13:42:00,200118,"Albert Street, Camden Town",60436,PBSC_EBIKE,4114617,200069,200118,False,2025-04-19,2025,4,12,753,5,Saturday,True,False,False,Spring,68.57695,False,Weekend or holiday,5.836414254622595
147889907,2025-04-19 15:48:00,300083,"Duke Street Hill, London Bridge",2025-04-19 16:08:00,2696,"Waterloo Station 1, Waterloo",54703,CLASSIC,1161871,300083,2696,False,2025-04-19,2025,4,15,948,5,Saturday,True,False,False,Spring,19.364517,False,Weekend or holiday,1.858521373542482
147892326,2025-04-19 17:12:00,300041,"Finnis Street, Bethnal Green",2025-04-19 17:41:00,200068,"Somerset House, Strand",56059,CLASSIC,1780577,300041,200068,False,2025-04-19,2025,4,17,1032,5,Saturday,True,False,False,Spring,29.676283,False,Weekend or holiday,4.394285140661072
147899883,2025-04-20 09:32:00,1217,"Serpentine Car Park, Hyde Park",2025-04-20 09:41:00,3491,"Princes Square, Bayswater",57684,CLASSIC,523662,1217,3491,False,2025-04-20,2025,4,9,572,6,Sunday,True,False,False,Spring,8.7277,False,Weekend or holiday,1.5781198293232883
147926259,2025-04-21 19:08:00,200200,"Great Suffolk Street, The Borough",2025-04-21 19:14:00,200144,"Sea Containers, South Bank",56076,CLASSIC,376884,200200,200144,False,2025-04-21,2025,4,19,1148,0,Monday,False,True,False,Spring,6.2814,False,Weekend or holiday,0.8338026522302554
147930936,2025-04-22 07:40:00,300011,"Victoria Park Road, Hackney Central",2025-04-22 07:58:00,300233,"Aquatic Centre, Queen Elizabeth Olympic Park",54584,CLASSIC,1067332,300011,300233,False,2025-04-22,2025,4,7,460,1,Tuesday,False,False,True,Spring,17.788866,True,Morning peak,3.0759331466024302
147938787,2025-04-22 12:05:00,3430,"Central House, Aldgate",2025-04-22 12:27:00,1207,"Tavistock Street, Covent Garden",58861,CLASSIC,1313277,3430,1207,False,2025-04-22,2025,4,12,725,1,Tuesday,False,False,True,Spring,21.88795,False,"Working day, off peak",3.518055944299026
147956738,2025-04-23 07:22:00,200183,"Battersea Park Road, Nine Elms",2025-04-23 07:36:00,300249,"Westminster Pier, Westminster",56509,CLASSIC,858327,200183,300249,False,2025-04-23,2025,4,7,442,2,Wednesday,False,False,True,Spring,14.30545,True,Morning peak,2.7449605713031424
147960573,2025-04-23 09:09:00,1080,"Great Tower Street, Monument",2025-04-23 09:29:00,1022,"Brunswick Square, Bloomsbury",57112,CLASSIC,1174598,1080,1022,False,2025-04-23,2025,4,9,549,2,Wednesday,False,False,True,Spring,19.576633,True,Morning peak,3.1172998615027656
148006792,2025-04-24 21:21:00,200112,"Cadogan Close, Victoria Park",2025-04-24 21:31:00,200251,"Bow Road Station, Bow",62888,PBSC_EBIKE,620438,200112,200251,False,2025-04-24,2025,4,21,1281,3,Thursday,False,False,True,Spring,10.340633,False,"Working day, off peak",1.6934678705679043
148040458,2025-04-26 10:55:00,2698,"Aberdeen Place, St. John's Wood",2025-04-26 11:03:00,1162,"Dorset Square, Marylebone",23628,CLASSIC,460090,2698,1162,False,2025-04-26,2025,4,10,655,5,Saturday,True,False,False,Spring,7.6681666,False,Weekend or holiday,1.0774128708901891
148053509,2025-04-26 17:49:00,1078,"Lambeth Road, Vauxhall",2025-04-26 17:53:00,1117,"Lambeth North Station, Waterloo",52298,CLASSIC,208918,1078,1117,False,2025-04-26,2025,4,17,1069,5,Saturday,True,False,False,Spring,3.4819667,False,Weekend or holiday,0.6273202484591338
148068756,2025-04-27 13:00:00,200185,"St. John's Road, Clapham Junction",2025-04-27 13:15:00,200192,"Fawcett Close, Battersea",59666,CLASSIC,922236,200185,200192,False,2025-04-27,2025,4,13,780,6,Sunday,True,False,False,Spring,15.3706,False,Weekend or holiday,0.8663541209396184
148075155,2025-04-27 15:47:00,22167,"Millharbour, Millwall",2025-04-27 16:08:00,22167,"Millharbour, Millwall",53370,CLASSIC,1258450,22167,22167,True,2025-04-27,2025,4,15,947,6,Sunday,True,False,False,Spring,20.974167,False,Weekend or holiday,0.0
148078269,2025-04-27 17:14:00,200076,"Westminster Bridge Road, Elephant & Castle",2025-04-27 17:37:00,1219,"Lower Marsh, Waterloo",56544,CLASSIC,1365084,200076,1219,False,2025-04-27,2025,4,17,1034,6,Sunday,True,False,False,Spring,22.7514,False,Weekend or holiday,0.4601755906843878
148079677,2025-04-27 17:58:00,1088,"Triangle Car Park, Hyde Park",2025-04-27 18:25:00,1126,"North Audley Street, Mayfair",57996,CLASSIC,1620322,1088,1126,False,2025-04-27,2025,4,17,1078,6,Sunday,True,False,False,Spring,27.005367,False,Weekend or holiday,1.3568978768226492
148085384,2025-04-28 00:34:00,1078,"Lambeth Road, Vauxhall",2025-04-28 00:46:00,200039,"Sail Street, Vauxhall",50948,CLASSIC,751914,1078,200039,False,2025-04-28,2025,4,0,34,0,Monday,False,False,True,Spring,12.5319,False,"Working day, off peak",0.24863950052406605
148108471,2025-04-28 18:18:00,3436,"Derry Street, Kensington",2025-04-28 18:23:00,1018,"Phillimore Gardens, Kensington",54830,CLASSIC,292584,3436,1018,False,2025-04-28,2025,4,18,1098,0,Monday,False,False,True,Spring,4.8764,True,Evening peak,0.4660491100152065
148114493,2025-04-28 21:14:00,3451,"Golden Square, Soho",2025-04-28 21:32:00,300210,"Halford Road, West Kensington",60302,PBSC_EBIKE,1043913,3451,300210,False,2025-04-28,2025,4,21,1274,0,Monday,False,False,True,Spring,17.39855,False,"Working day, off peak",5.221285173710105
148115989,2025-04-28 23:49:00,1166,"Bell Street , Marylebone",2025-04-29 00:01:00,1166,"Bell Street , Marylebone",50446,CLASSIC,730826,1166,1166,True,2025-04-28,2025,4,23,1429,0,Monday,False,False,True,Spring,12.180433,False,"Working day, off peak",0.0
148123477,2025-04-29 08:50:00,1190,"Kennington Lane Rail Bridge, Vauxhall",2025-04-29 08:55:00,10628,"Cleaver Street, Kennington",50329,CLASSIC,274021,1190,10628,False,2025-04-29,2025,4,8,530,1,Tuesday,False,False,True,Spring,4.5670166,True,Morning peak,0.8786881588923215
148131191,2025-04-29 13:52:00,300216,"Gas Holders, Battersea Park",2025-04-29 14:05:00,300014,"Falcon Road, Clapham Junction",53120,CLASSIC,788818,300216,300014,False,2025-04-29,2025,4,13,832,1,Tuesday,False,False,True,Spring,13.146967,False,"Working day, off peak",1.9754324729321735
148132322,2025-04-29 14:42:00,200048,"Page Street, Westminster",2025-04-29 15:02:00,3497,"Rathbone Street, Fitzrovia",55067,CLASSIC,1183099,200048,3497,False,2025-04-29,2025,4,14,882,1,Tuesday,False,False,True,Spring,19.718317,False,"Working day, off peak",2.738399643766853
148143404,2025-04-29 18:46:00,300082,"Bridge Avenue, Hammersmith",2025-04-29 19:39:00,300042,"Upper Richmond Road, Putney",62174,PBSC_EBIKE,3202207,300082,300042,False,2025-04-29,2025,4,18,1126,1,Tuesday,False,False,True,Spring,53.370117,True,Evening peak,3.7863186883703293
148164493,2025-04-30 13:20:00,1037,"Park Lane , Hyde Park",2025-04-30 13:30:00,1217,"Serpentine Car Park, Hyde Park",59291,CLASSIC,602110,1037,1217,False,2025-04-30,2025,4,13,800,2,Wednesday,False,False,True,Spring,10.035167,False,"Working day, off peak",1.2259520472578598
148170988,2025-04-30 17:09:00,300041,"Finnis Street, Bethnal Green",2025-04-30 17:22:00,200013,"Aston Street, Stepney",21659,CLASSIC,768800,300041,200013,False,2025-04-30,2025,4,17,1029,2,Wednesday,False,False,True,Spring,12.8133335,True,Evening peak,1.6728001980902032
148195058,2025-05-01 10:11:00,1000,"Vauxhall Cross, Vauxhall",2025-05-01 10:32:00,980,"Malet Street, Bloomsbury",51893,CLASSIC,1254896,1000,980,False,2025-05-01,2025,5,10,611,3,Thursday,False,False,True,Spring,20.914934,False,"Working day, off peak",3.9980175688913975
148198256,2025-05-01 12:28:00,984,"Finsbury Circus, Liverpool Street",2025-05-01 12:50:00,200005,"New Cavendish Street, Marylebone",24371,CLASSIC,1292792,984,200005,False,2025-05-01,2025,5,12,748,3,Thursday,False,False,True,Spring,21.546534,False,"Working day, off peak",4.247763163569831
148213234,2025-05-01 18:47:00,1132,"Albert Gate, Hyde Park",2025-05-01 19:26:00,200119,"Dorothy Road, Clapham Junction",54972,CLASSIC,2323102,1132,200119,False,2025-05-01,2025,5,18,1127,3,Thursday,False,False,True,Spring,38.71837,True,Evening peak,4.228982768569685
148237126,2025-05-02 15:12:00,1150,"Queensway, Kensington Gardens",2025-05-02 15:28:00,200202,"Storey's Gate, Westminster",40982,CLASSIC,976540,1150,200202,False,2025-05-02,2025,5,15,912,4,Friday,False,False,True,Spring,16.275667,False,"Working day, off peak",4.134213020619706
148243217,2025-05-02 17:39:00,1081,"Liverpool Road (N1 Centre), Angel",2025-05-02 17:43:00,1146,"Tysoe Street, Clerkenwell",53711,CLASSIC,243310,1081,1146,False,2025-05-02,2025,5,17,1059,4,Friday,False,False,True,Spring,4.0551667,True,Evening peak,0.9099210525247368
148308951,2025-05-05 13:34:00,995,"Little Argyll Street, West End",2025-05-05 13:56:00,300063,"Burgess Park Albany Road, Walworth",60536,PBSC_EBIKE,1338177,995,300063,False,2025-05-05,2025,5,13,814,0,Monday,False,True,False,Spring,22.30295,False,Weekend or holiday,4.849191472392011
148343083,2025-05-06 18:49:00,1007,"Drury Lane, Covent Garden",2025-05-06 19:03:00,1122,"Ashley Place, Victoria",56131,CLASSIC,826872,1007,1122,False,2025-05-06,2025,5,18,1129,1,Tuesday,False,False,True,Spring,13.7812,True,Evening peak,2.441783494000327
148355865,2025-05-07 08:59:00,200045,"Garnet Street, Shadwell",2025-05-07 09:19:00,200068,"Somerset House, Strand",41898,CLASSIC,1225030,200045,200068,False,2025-05-07,2025,5,8,539,2,Wednesday,False,False,True,Spring,20.417166,True,Morning peak,4.32528438136153
148368438,2025-05-07 17:24:00,300093,"Park Lane, Mayfair",2025-05-07 18:01:00,200188,"Neville Gill Close, Wandsworth",62800,PBSC_EBIKE,2201145,300093,200188,False,2025-05-07,2025,5,17,1044,2,Wednesday,False,False,True,Spring,36.68575,True,Evening peak,6.4183490613524254
148397897,2025-05-08 16:42:00,1182,"Notting Hill Gate Station, Notting Hill",2025-05-08 16:46:00,1143,"Kensington Church Street, Kensington",22214,CLASSIC,231220,1182,1143,False,2025-05-08,2025,5,16,1002,3,Thursday,False,False,True,Spring,3.8536668,False,"Working day, off peak",0.7687044543073852
148412404,2025-05-09 07:10:00,200159,"Goldsmith's Row, Haggerston",2025-05-09 07:16:00,1077,"Royal London Hospital, Whitechapel",63305,PBSC_EBIKE,314258,200159,1077,False,2025-05-09,2025,5,7,430,4,Friday,False,False,True,Spring,5.237633,True,Morning peak,1.505609473170281
148426145,2025-05-09 15:30:00,3433,"Sadlers Sports Centre, Finsbury",2025-05-09 15:42:00,995,"Little Argyll Street, West End",22958,CLASSIC,714209,3433,995,False,2025-05-09,2025,5,15,930,4,Friday,False,False,True,Spring,11.903483,False,"Working day, off peak",3.122130942924386
148429235,2025-05-09 17:02:00,2686,"Royal College Street, Camden Town",2025-05-09 17:12:00,1022,"Brunswick Square, Bloomsbury",63475,PBSC_EBIKE,578669,2686,1022,False,2025-05-09,2025,5,17,1022,4,Friday,False,False,True,Spring,9.644484,True,Evening peak,1.5817386572870564
148438241,2025-05-09 20:58:00,1216,"Swan Street, The Borough",2025-05-09 21:39:00,1216,"Swan Street, The Borough",50850,CLASSIC,2441887,1216,1216,True,2025-05-09,2025,5,20,1258,4,Friday,False,False,True,Spring,40.698116,False,"Working day, off peak",0.0
148446717,2025-05-10 11:18:00,22160,"Chelsea Bridge, Pimlico",2025-05-10 11:52:00,200002,"Jubilee Street, Stepney",58209,CLASSIC,2059959,22160,200002,False,2025-05-10,2025,5,11,678,5,Saturday,True,False,False,Spring,34.33265,False,Weekend or holiday,7.432353764707667
148449868,2025-05-10 12:45:00,3434,"Sancroft Street, Vauxhall",2025-05-10 12:50:00,1000,"Vauxhall Cross, Vauxhall",58924,CLASSIC,329730,3434,1000,False,2025-05-10,2025,5,12,765,5,Saturday,True,False,False,Spring,5.4955,False,Weekend or holiday,0.7567527591454758
148453706,2025-05-10 14:24:00,200151,"Hoxton Station, Hoxton",2025-05-10 14:30:00,300024,"Dunston Road , Haggerston",57568,CLASSIC,335526,200151,300024,False,2025-05-10,2025,5,14,864,5,Saturday,True,False,False,Spring,5.5921,False,Weekend or holiday,0.6109059294284167
148454713,2025-05-10 14:51:00,1073,"Kennington Road Post Office, Oval",2025-05-10 15:07:00,300059,"The Blue, Bermondsey",59527,CLASSIC,972576,1073,300059,False,2025-05-10,2025,5,14,891,5,Saturday,True,False,False,Spring,16.2096,False,Weekend or holiday,3.4360762837794403
148502062,2025-05-12 08:19:00,3505,"Marloes Road, Kensington",2025-05-12 08:40:00,200008,"Portman Square, Marylebone",51878,CLASSIC,1228888,3505,200008,False,2025-05-12,2025,5,8,499,0,Monday,False,False,True,Spring,20.481466,True,Morning peak,3.365197899433062
148516450,2025-05-12 17:02:00,1153,"Pall Mall East, West End",2025-05-12 17:24:00,1152,"Marylebone Lane, Marylebone",41512,CLASSIC,1344902,1153,,,2025-05-12,2025,5,17,1022,0,Monday,False,False,True,Spring,22.415033,True,Evening peak,
148528701,2025-05-12 23:10:00,200066,"Import Dock, Canary Wharf",2025-05-12 23:15:00,200232,"Preston's Road, Cubitt Town",24431,CLASSIC,256136,200066,200232,False,2025-05-12,2025,5,23,1390,0,Monday,False,False,True,Spring,4.2689333,False,"Working day, off peak",0.8809162582914027
148561255,2025-05-13 20:31:00,300215,"St John's Crescent, Brixton",2025-05-13 20:35:00,300225,"Normandy Road, Stockwell",51162,CLASSIC,225642,300215,300225,False,2025-05-13,2025,5,20,1231,1,Tuesday,False,False,True,Spring,3.7607,False,"Working day, off peak",0.8507639371288392
148566688,2025-05-14 07:34:00,200196,"Simpson Street, Clapham Junction",2025-05-14 07:44:00,200060,"Drayton Gardens, West Chelsea",62244,PBSC_EBIKE,554501,200196,200060,False,2025-05-14,2025,5,7,454,2,Wednesday,False,False,True,Spring,9.241683,True,Morning peak,1.9144250375464102
148568168,2025-05-14 08:04:00,300071,"Elgin Avenue, Maida Hill",2025-05-14 08:17:00,300088,"Queensdale Road, Shepherd's Bush",40914,CLASSIC,795065,300071,300088,False,2025-05-14,2025,5,8,484,2,Wednesday,False,False,True,Spring,13.251083,True,Morning peak,2.222767046981326
148581998,2025-05-14 15:43:00,3494,"Foley Street, Fitzrovia",2025-05-14 15:49:00,993,"Drummond Street , Euston",55426,CLASSIC,348233,3494,993,False,2025-05-14,2025,5,15,943,2,Wednesday,False,False,True,Spring,5.8038836,False,"Working day, off peak",0.9562032325482173
148586216,2025-05-14 17:27:00,968,"Warwick Row, Westminster",2025-05-14 17:40:00,1205,"Black Prince Road, Vauxhall",51619,CLASSIC,784451,968,1205,False,2025-05-14,2025,5,17,1047,2,Wednesday,False,False,True,Spring,13.074183,True,Evening peak,1.969972106384055
148592126,2025-05-14 18:55:00,1033,"Paddington Street, Marylebone",2025-05-14 19:05:00,1019,"Ampton Street , Clerkenwell",56772,CLASSIC,635076,1033,1019,False,2025-05-14,2025,5,18,1135,2,Wednesday,False,False,True,Spring,10.5846,True,Evening peak,2.626494191879694
148620470,2025-05-15 17:55:00,968,"Warwick Row, Westminster",2025-05-15 18:05:00,998,"Lollard Street, Vauxhall",54065,CLASSIC,607907,968,998,False,2025-05-15,2025,5,17,1075,3,Thursday,False,False,True,Spring,10.1317835,True,Evening peak,2.0219094495855106
148628897,2025-05-15 23:02:00,300088,"Queensdale Road, Shepherd's Bush",2025-05-15 23:08:00,200065,"Lansdowne Walk, Ladbroke Grove",57938,CLASSIC,371006,300088,200065,False,2025-05-15,2025,5,23,1382,3,Thursday,False,False,True,Spring,6.1834335,False,"Working day, off peak",0.8590626173762851
148643606,2025-05-16 14:39:00,1110,"Palace Gate, Kensington Gardens",2025-05-16 16:21:00,1214,"Kensington Olympia Station, Olympia",55192,CLASSIC,6073599,1110,1214,False,2025-05-16,2025,5,14,879,4,Friday,False,False,True,Spring,101.22665,False,"Working day, off peak",1.789926605050822
148648698,2025-05-16 17:08:00,1065,"Aldersgate Street, Barbican",2025-05-16 17:12:00,964,"Bath Street, St. Luke's",56524,CLASSIC,273688,1065,964,False,2025-05-16,2025,5,17,1028,4,Friday,False,False,True,Spring,4.5614667,True,Evening peak,0.7192826336312468
148681385,2025-05-17 18:15:00,3440,"Royal Avenue 1, Chelsea",2025-05-17 18:31:00,300001,"Sandilands Road, Walham Green",53161,CLASSIC,965416,3440,300001,False,2025-05-17,2025,5,18,1095,5,Saturday,True,False,False,Spring,16.090267,False,Weekend or holiday,2.7106386727532223
148724412,2025-05-19 14:27:00,300202,"Kings Gate House, Westminster",2025-05-19 14:40:00,1007,"Drury Lane, Covent Garden",57805,CLASSIC,776113,300202,1007,False,2025-05-19,2025,5,14,867,0,Monday,False,False,True,Spring,12.935217,False,"Working day, off peak",2.176363196455828
148742389,2025-05-20 07:13:00,1112,"Nutford Place, Marylebone",2025-05-20 07:25:00,300089,"Ormonde Gate, Chelsea",54152,CLASSIC,747359,1112,300089,False,2025-05-20,2025,5,7,433,1,Tuesday,False,False,True,Spring,12.455983,True,Morning peak,3.1801553424693525
148749012,2025-05-20 09:05:00,1150,"Queensway, Kensington Gardens",2025-05-20 10:21:00,1144,"Poured Lines, Bankside",59684,CLASSIC,4504906,1150,1144,False,2025-05-20,2025,5,9,545,1,Tuesday,False,False,True,Spring,75.081764,True,Morning peak,5.8456343864819855
148753835,2025-05-20 12:18:00,3424,"Broadcasting House, Marylebone",2025-05-20 12:28:00,200198,"Seymour Place, Marylebone",57832,CLASSIC,599363,3424,200198,False,2025-05-20,2025,5,12,738,1,Tuesday,False,False,True,Spring,9.989384,False,"Working day, off peak",1.3673538937189718
148761863,2025-05-20 17:15:00,300096,"Tallis Street, Temple",2025-05-20 17:40:00,200211,"Union Grove, Wandsworth Road",54653,CLASSIC,1488252,300096,200211,False,2025-05-20,2025,5,17,1035,1,Tuesday,False,False,True,Spring,24.8042,True,Evening peak,4.701608471463042
148768663,2025-05-20 19:01:00,200101,"Monument Street, Monument",2025-05-20 19:19:00,1163,"Wardour Street, Soho",54833,CLASSIC,1106017,200101,1163,False,2025-05-20,2025,5,19,1141,1,Tuesday,False,False,True,Spring,18.433617,True,Evening peak,3.353035387898181
148810582,2025-05-22 08:51:00,300083,"Duke Street Hill, London Bridge",2025-05-22 10:07:00,1144,"Poured Lines, Bankside",58004,CLASSIC,4519612,300083,1144,False,2025-05-22,2025,5,8,531,3,Thursday,False,False,True,Spring,75.326866,True,Morning peak,1.099565005981439
148812327,2025-05-22 09:24:00,2660,"Frith Street, Soho",2025-05-22 09:32:00,2691,"Howland Street, Fitzrovia",40304,CLASSIC,450084,2660,2691,False,2025-05-22,2025,5,9,564,3,Thursday,False,False,True,Spring,7.5014,True,Morning peak,1.030251796168994
148871288,2025-05-24 13:25:00,200133,"South Lambeth Road, Vauxhall",2025-05-24 13:33:00,1073,"Kennington Road Post Office, Oval",53987,CLASSIC,488261,200133,1073,False,2025-05-24,2025,5,13,805,5,Saturday,True,False,False,Spring,8.137683,False,Weekend or holiday,1.0240424943045598
148872094,2025-05-24 13:53:00,200132,"Gaywood  Street, Elephant & Castle",2025-05-24 14:06:00,960,"Hop Exchange, The Borough",56917,CLASSIC,796797,200132,960,False,2025-05-24,2025,5,13,833,5,Saturday,True,False,False,Spring,13.27995,False,Weekend or holiday,1.284010964989713
148894744,2025-05-25 14:18:00,300083,"Duke Street Hill, London Bridge",2025-05-25 14:32:00,971,"Godliman Street, St. Paul's",30132,CLASSIC,852182,300083,971,False,2025-05-25,2025,5,14,858,6,Sunday,True,False,False,Spring,14.203033,False,Weekend or holiday,1.0714811687491497
148901834,2025-05-25 18:08:00,300040,"Ada Street, Hackney Central",2025-05-25 18:13:00,200093,"Thurtle Road, Haggerston",55138,CLASSIC,307527,300040,200093,False,2025-05-25,2025,5,18,1088,6,Sunday,True,False,False,Spring,5.12545,False,Weekend or holiday,0.808430111853781
148918160,2025-05-26 15:24:00,300031,"Islington Green, Angel",2025-05-26 16:08:00,1231,"Queen's Gate, Kensington Gardens",56528,CLASSIC,2652283,300031,1231,False,2025-05-26,2025,5,15,924,0,Monday,False,True,False,Spring,44.204716,False,Weekend or holiday,6.581611276211796
148919960,2025-05-26 16:39:00,999,"Queen Street 1, Bank",2025-05-26 17:06:00,200119,"Dorothy Road, Clapham Junction",63043,PBSC_EBIKE,1673385,999,200119,False,2025-05-26,2025,5,16,999,0,Monday,False,True,False,Spring,27.88975,False,Weekend or holiday,7.1245434593409485
148926879,2025-05-27 06:31:00,1106,"Rampayne Street, Pimlico",2025-05-27 06:34:00,1148,"Queen Mother Sports Centre, Victoria",54577,CLASSIC,154147,1106,1148,False,2025-05-27,2025,5,6,391,1,Tuesday,False,False,True,Spring,2.5691166,True,Morning peak,0.6343801137106617
148945250,2025-05-27 19:16:00,200128,"Queen Street 2, Bank",2025-05-27 19:26:00,1031,"Nesham Street, Wapping",51843,CLASSIC,591630,200128,1031,False,2025-05-27,2025,5,19,1156,1,Tuesday,False,False,True,Spring,9.8605,True,Evening peak,1.866094788948502
148949978,2025-05-28 06:18:00,300013,"Austin Road, Battersea Park",2025-05-28 06:45:00,300059,"The Blue, Bermondsey",51525,CLASSIC,1649201,300013,300059,False,2025-05-28,2025,5,6,378,2,Wednesday,False,False,True,Spring,27.486683,True,Morning peak,6.733933763969635
148961210,2025-05-28 12:26:00,200141,"Westfield Ariel Way, White City",2025-05-28 12:36:00,1157,"Black Lion Gate, Kensington Gardens",61156,PBSC_EBIKE,605664,200141,1157,False,2025-05-28,2025,5,12,746,2,Wednesday,False,False,True,Spring,10.0944,False,"Working day, off peak",2.5108637074356177
148969610,2025-05-28 17:31:00,972,"Hampstead Road, Euston",2025-05-28 17:52:00,2679,"George Row, Bermondsey",63051,PBSC_EBIKE,1272704,972,2679,False,2025-05-28,2025,5,17,1051,2,Wednesday,False,False,True,Spring,21.211733,True,Evening peak,5.6524807338675584
148969918,2025-05-28 17:36:00,3476,"Hinde Street, Marylebone",2025-05-28 17:47:00,1011,"Argyle Street, Kings Cross",54233,CLASSIC,635184,3476,1011,False,2025-05-28,2025,5,17,1056,2,Wednesday,False,False,True,Spring,10.5864,True,Evening peak,2.389866699264363
148987768,2025-05-29 12:04:00,1026,"Roscoe Street, St. Luke's",2025-05-29 12:11:00,997,"Worship Street, Shoreditch",30410,CLASSIC,413233,1026,997,False,2025-05-29,2025,5,12,724,3,Thursday,False,False,True,Spring,6.8872166,False,"Working day, off peak",1.069952133396857
148997906,2025-05-29 18:21:00,300008,"Normand Park, West Kensington",2025-05-29 18:41:00,200141,"Westfield Ariel Way, White City",50777,CLASSIC,1196194,300008,200141,False,2025-05-29,2025,5,18,1101,3,Thursday,False,False,True,Spring,19.936567,True,Evening peak,3.0610772539210087
149016992,2025-05-30 13:14:00,300097,"Gwendwr Road, West Kensington",2025-05-30 13:23:00,3463,"Argyll Road, Kensington",40680,CLASSIC,506415,300097,3463,False,2025-05-30,2025,5,13,794,4,Friday,False,False,True,Spring,8.44025,False,"Working day, off peak",1.407738911059689
149039137,2025-05-31 09:41:00,300056,"Mile End Stadium, Mile End",2025-05-31 10:06:00,200025,"London Fields, Hackney Central",41028,CLASSIC,1504576,300056,200025,False,2025-05-31,2025,5,9,581,5,Saturday,True,False,False,Spring,25.076267,False,Weekend or holiday,3.013506936118126
149043129,2025-05-31 11:55:00,300060,"Brandon Street, Walworth",2025-05-31 12:10:00,2696,"Waterloo Station 1, Waterloo",59191,CLASSIC,867411,300060,2696,False,2025-05-31,2025,5,11,715,5,Saturday,True,False,False,Spring,14.45685,False,Weekend or holiday,2.2673226180708563
149061056,2025-05-31 19:51:00,200051,"Percival Street, Finsbury",2025-05-31 19:57:00,964,"Bath Street, St. Luke's",30826,CLASSIC,359546,200051,964,False,2025-05-31,2025,5,19,1191,5,Saturday,True,False,False,Spring,5.9924335,False,Weekend or holiday,0.786496176061085
149071591,2025-06-01 12:09:00,200176,"Sheepcote Lane, Battersea",2025-06-01 13:06:00,22159,"Ebury Bridge, Pimlico",62428,PBSC_EBIKE,3430655,200176,22159,False,2025-06-01,2025,6,12,729,6,Sunday,True,False,False,Summer,57.17758,False,Weekend or holiday,2.41724424347616
149077925,2025-06-01 15:31:00,1129,"Sun Street, Liverpool Street",2025-06-01 15:32:00,1012,"Christopher Street, Liverpool Street",56379,CLASSIC,91012,1129,1012,False,2025-06-01,2025,6,15,931,6,Sunday,True,False,False,Summer,1.5168667,False,Weekend or holiday,0.14905422303112112
149088679,2025-06-02 06:36:00,1172,"Queen's Gate (South), South Kensington",2025-06-02 06:47:00,1075,"Hyde Park Corner, Hyde Park",58755,CLASSIC,623774,1172,1075,False,2025-06-02,2025,6,6,396,0,Monday,False,False,True,Summer,10.396234,True,Morning peak,2.0912637615547713
149094144,2025-06-02 08:56:00,300068,"Humbolt Road, Fulham",2025-06-02 09:01:00,200197,"Barons Court Station, West Kensington",53868,CLASSIC,267956,300068,200197,False,2025-06-02,2025,6,8,536,0,Monday,False,False,True,Summer,4.4659333,True,Morning peak,0.8098002882060445
149100780,2025-06-02 14:05:00,200102,"Harford Street, Mile End",2025-06-02 14:10:00,200148,"Ansell House, Stepney",54046,CLASSIC,267533,200102,200148,False,2025-06-02,2025,6,14,845,0,Monday,False,False,True,Summer,4.4588833,False,"Working day, off peak",1.0598751774718786
149104302,2025-06-02 16:40:00,1075,"Hyde Park Corner, Hyde Park",2025-06-02 17:02:00,1088,"Triangle Car Park, Hyde Park",55692,CLASSIC,1348844,1075,1088,False,2025-06-02,2025,6,16,1000,0,Monday,False,False,True,Summer,22.480734,False,"Working day, off peak",1.2177464585888846
149108881,2025-06-02 18:06:00,3447,"Gloucester Road (North), Kensington",2025-06-02 18:53:00,2589,"Pembridge Villas, Notting Hill",58976,CLASSIC,2857606,3447,2589,False,2025-06-02,2025,6,18,1086,0,Monday,False,False,True,Summer,47.626766,True,Evening peak,1.7433136501897093
149145309,2025-06-04 06:32:00,200119,"Dorothy Road, Clapham Junction",2025-06-04 06:46:00,300221,"Battersea Power Station, Battersea Park",56664,CLASSIC,859638,200119,300221,False,2025-06-04,2025,6,6,392,2,Wednesday,False,False,True,Summer,14.3273,True,Morning peak,2.3322056462825325
149195345,2025-06-06 06:44:00,200193,"Snowsfields, London Bridge",2025-06-06 06:53:00,2699,"Snow Hill, Farringdon",55092,CLASSIC,530588,200193,2699,False,2025-06-06,2025,6,6,404,4,Friday,False,False,True,Summer,8.843133,True,Morning peak,2.181724736660013
149217070,2025-06-06 19:41:00,300009,"World's End Place, West Chelsea",2025-06-06 20:04:00,10624,"Strata, Elephant & Castle",63134,PBSC_EBIKE,1353462,300009,10624,False,2025-06-06,2025,6,19,1181,4,Friday,False,False,True,Summer,22.5577,True,Evening peak,5.711008555389938
149225659,2025-06-07 10:58:00,200190,"Queen's Circus, Battersea Park",2025-06-07 11:34:00,960,"Hop Exchange, The Borough",35564,CLASSIC,2158627,200190,960,False,2025-06-07,2025,6,10,658,5,Saturday,True,False,False,Summer,35.977116,False,Weekend or holiday,5.002051252771643
149257208,2025-06-08 19:22:00,300202,"Kings Gate House, Westminster",2025-06-08 19:51:00,1099,"Frampton Street, Paddington",62538,PBSC_EBIKE,1784638,300202,1099,False,2025-06-08,2025,6,19,1162,6,Sunday,True,False,False,Summer,29.743967,False,Weekend or holiday,3.8573688170330476
149272690,2025-06-09 13:27:00,300002,"Brook Green South, Brook Green",2025-06-09 13:34:00,300008,"Normand Park, West Kensington",58278,CLASSIC,408839,300002,300008,False,2025-06-09,2025,6,13,807,0,Monday,False,False,True,Summer,6.8139834,False,"Working day, off peak",1.343757842103626
149275702,2025-06-09 15:46:00,300226,"Copper Box Arena, Queen Elizabeth Olympic Park",2025-06-09 16:16:00,2586,"Cloudesley Road, Angel",56505,CLASSIC,1837227,300226,2586,False,2025-06-09,2025,6,15,946,0,Monday,False,False,True,Summer,30.62045,False,"Working day, off peak",6.2299072582990895
149281468,2025-06-09 17:57:00,300226,"Copper Box Arena, Queen Elizabeth Olympic Park",2025-06-09 18:07:00,22172,"Bromley High Street, Bow",63214,PBSC_EBIKE,624901,300226,22172,False,2025-06-09,2025,6,17,1077,0,Monday,False,False,True,Summer,10.415017,True,Evening peak,1.8577409709233752
149359354,2025-06-12 08:06:00,200079,"Ram Street, Wandsworth",2025-06-12 08:14:00,200196,"Simpson Street, Clapham Junction",52864,CLASSIC,494823,200079,200196,False,2025-06-12,2025,6,8,486,3,Thursday,False,False,True,Summer,8.24705,True,Morning peak,2.098464265185219
149375528,2025-06-12 17:09:00,2683,"Millbank Tower, Pimlico",2025-06-12 17:43:00,200001,"Limerston Street, West Chelsea",56457,CLASSIC,2040816,2683,200001,False,2025-06-12,2025,6,17,1029,3,Thursday,False,False,True,Summer,34.0136,True,Evening peak,3.9070472878174582
149378406,2025-06-12 17:56:00,3477,"Porchester Place, Paddington",2025-06-12 18:13:00,2685,"South Kensington Station, South Kensington",56213,CLASSIC,1056475,3477,2685,False,2025-06-12,2025,6,17,1076,3,Thursday,False,False,True,Summer,17.607916,True,Evening peak,2.3401502822138234
149380509,2025-06-12 18:32:00,1000,"Vauxhall Cross, Vauxhall",2025-06-12 18:37:00,1205,"Black Prince Road, Vauxhall",21295,CLASSIC,344984,1000,1205,False,2025-06-12,2025,6,18,1112,3,Thursday,False,False,True,Summer,5.7497334,True,Evening peak,0.7594741973470477
149399012,2025-06-13 12:12:00,300247,"Cranmer Road, Stockwell",2025-06-13 12:39:00,1231,"Queen's Gate, Kensington Gardens",52251,CLASSIC,1629337,300247,1231,False,2025-06-13,2025,6,12,732,4,Friday,False,False,True,Summer,27.155617,False,"Working day, off peak",5.334954890211294
149407841,2025-06-13 17:04:00,1143,"Kensington Church Street, Kensington",2025-06-13 17:16:00,200110,"Bishop's Bridge Road West, Bayswater",35855,CLASSIC,705954,1143,200110,False,2025-06-13,2025,6,17,1024,4,Friday,False,False,True,Summer,11.7659,True,Evening peak,1.47940642965731
149427798,2025-06-14 12:53:00,1038,"Harrington Square 1, Camden Town",2025-06-14 13:04:00,3507,"Store Street, Bloomsbury",35197,CLASSIC,636047,1038,3507,False,2025-06-14,2025,6,12,773,5,Saturday,True,False,False,Summer,10.600783,False,Weekend or holiday,1.5724287411714315
149474101,2025-06-16 07:16:00,300236,"Bevington Road West, North Kensington",2025-06-16 07:49:00,1129,"Sun Street, Liverpool Street",57421,CLASSIC,2006446,300236,1129,False,2025-06-16,2025,6,7,436,0,Monday,False,False,True,Summer,33.440765,True,Morning peak,8.64640761801695
149496008,2025-06-16 18:26:00,2681,"Harriet Street, Knightsbridge",2025-06-16 19:01:00,200248,"Pitfield Street Central, Hoxton",58470,CLASSIC,2093801,2681,200248,False,2025-06-16,2025,6,18,1106,0,Monday,False,False,True,Summer,34.896683,True,Evening peak,6.312836939421175
149519225,2025-06-17 14:01:00,200145,"Gloucester Avenue, Camden Town",2025-06-17 14:31:00,2682,"Turquoise Island, Notting Hill",54921,CLASSIC,1825846,200145,2682,False,2025-06-17,2025,6,14,841,1,Tuesday,False,False,True,Summer,30.430767,False,"Working day, off peak",4.511717009511494
149547136,2025-06-18 09:10:00,1035,"Boston Place, Marylebone",2025-06-18 09:16:00,3464,"Green Street, Mayfair",42103,CLASSIC,363600,1035,3464,False,2025-06-18,2025,6,9,550,2,Wednesday,False,False,True,Summer,6.06,True,Morning peak,1.1867626784655136
149551721,2025-06-18 12:14:00,300051,"Hibbert Street, Battersea",2025-06-18 13:18:00,200178,"Buckingham Gate, Westminster",59674,CLASSIC,3847790,300051,200178,False,2025-06-18,2025,6,12,734,2,Wednesday,False,False,True,Summer,64.12984,False,"Working day, off peak",4.784334356030816
149557084,2025-06-18 15:54:00,300028,"Everington Street, Fulham",2025-06-18 16:01:00,200237,"Parson's Green , Parson's Green",57392,CLASSIC,405863,300028,200237,False,2025-06-18,2025,6,15,954,2,Wednesday,False,False,True,Summer,6.7643833,False,"Working day, off peak",1.6378424753195284
149566472,2025-06-18 18:49:00,3494,"Foley Street, Fitzrovia",2025-06-18 19:05:00,200094,"St. Bride Street, Holborn",59888,CLASSIC,960404,3494,200094,False,2025-06-18,2025,6,18,1129,2,Wednesday,False,False,True,Summer,16.006733,True,Evening peak,2.534474588692327
149575758,2025-06-19 06:57:00,1054,"East Road, Hoxton",2025-06-19 07:06:00,3468,"Margery Street, Clerkenwell",56329,CLASSIC,523217,1054,3468,False,2025-06-19,2025,6,6,417,3,Thursday,False,False,True,Summer,8.7202835,True,Morning peak,1.7429191120572973
149604752,2025-06-19 19:53:00,300241,"Handyside Street, King's Cross",2025-06-19 20:15:00,200248,"Pitfield Street Central, Hoxton",56410,CLASSIC,1261171,300241,200248,False,2025-06-19,2025,6,19,1193,3,Thursday,False,False,True,Summer,21.019516,True,Evening peak,2.9476722096151837
149618880,2025-06-20 10:47:00,300048,"Stainsby Road , Poplar",2025-06-20 10:52:00,200238,"Westferry DLR, Limehouse",30531,CLASSIC,307852,300048,200238,False,2025-06-20,2025,6,10,647,4,Friday,False,False,True,Summer,5.1308665,False,"Working day, off peak",0.7014303451593134
149631325,2025-06-20 17:38:00,1001,"West Cromwell Road, Earl's Court",2025-06-20 17:58:00,300236,"Bevington Road West, North Kensington",53635,CLASSIC,1191145,1001,300236,False,2025-06-20,2025,6,17,1058,4,Friday,False,False,True,Summer,19.852417,True,Evening peak,3.1420683749496976
149634428,2025-06-20 18:38:00,1110,"Palace Gate, Kensington Gardens",2025-06-20 18:51:00,1041,"Westbourne Grove, Bayswater",53598,CLASSIC,798134,1110,1041,False,2025-06-20,2025,6,18,1118,4,Friday,False,False,True,Summer,13.302234,True,Evening peak,1.553193836745941
149646756,2025-06-21 10:15:00,200200,"Great Suffolk Street, The Borough",2025-06-21 10:24:00,1202,"Wellington Street , Strand",60380,PBSC_EBIKE,535529,200200,1202,False,2025-06-21,2025,6,10,615,5,Saturday,True,False,False,Summer,8.925484,False,Weekend or holiday,1.742430203653648
149655413,2025-06-21 14:26:00,998,"Lollard Street, Vauxhall",2025-06-21 14:33:00,300224,"New Spring Gardens Walk, Vauxhall",54091,CLASSIC,394730,998,300224,False,2025-06-21,2025,6,14,866,5,Saturday,True,False,False,Summer,6.578833,False,Weekend or holiday,0.7821181932135394
149696297,2025-06-22 21:58:00,2636,"Prince Albert Road, The Regent's Park",2025-06-22 22:20:00,1075,"Hyde Park Corner, Hyde Park",62145,PBSC_EBIKE,1338798,2636,1075,False,2025-06-22,2025,6,21,1318,6,Sunday,True,False,False,Summer,22.3133,False,Weekend or holiday,3.6795723116329784
149698643,2025-06-23 07:02:00,200012,"Stepney Green Station, Stepney",2025-06-23 07:33:00,1042,"Woodstock Street, Mayfair",63534,PBSC_EBIKE,1821986,200012,1042,False,2025-06-23,2025,6,7,422,0,Monday,False,False,True,Summer,30.366434,True,Morning peak,7.016563342356559
149706108,2025-06-23 10:04:00,1072,"Waterloo Station 3, Waterloo",2025-06-23 10:15:00,985,"Hatton Garden, Holborn",22049,CLASSIC,639169,1072,985,False,2025-06-23,2025,6,10,604,0,Monday,False,False,True,Summer,10.652817,False,"Working day, off peak",1.7043335837708342
149706474,2025-06-23 10:25:00,2589,"Pembridge Villas, Notting Hill",2025-06-23 10:32:00,3436,"Derry Street, Kensington",52113,CLASSIC,419976,2589,3436,False,2025-06-23,2025,6,10,625,0,Monday,False,False,True,Summer,6.9996,False,"Working day, off peak",1.1593914828564202
149714006,2025-06-23 16:21:00,200200,"Great Suffolk Street, The Borough",2025-06-23 16:43:00,300235,"York Way, Kings Cross",62772,PBSC_EBIKE,1314551,200200,300235,False,2025-06-23,2025,6,16,981,0,Monday,False,False,True,Summer,21.909184,False,"Working day, off peak",4.761952949882571
149730984,2025-06-24 07:50:00,200038,"Ackroyd Drive, Bow",2025-06-24 07:53:00,200230444,"Maplin Street, Mile End_OLD",55545,CLASSIC,172182,200038,200230,False,2025-06-24,2025,6,7,470,1,Tuesday,False,False,True,Summer,2.8697,True,Morning peak,0.6831673799042645
149734939,2025-06-24 08:58:00,1065,"Aldersgate Street, Barbican",2025-06-24 09:03:00,1222,"Goswell Road (City Uni), Finsbury",50183,CLASSIC,283759,1065,1222,False,2025-06-24,2025,6,8,538,1,Tuesday,False,False,True,Summer,4.7293167,True,Morning peak,0.8619829932951533
149752586,2025-06-24 18:28:00,1097,"Northumberland Avenue, Strand",2025-06-24 18:43:00,3500,"Baldwin Street, St. Luke's",60317,PBSC_EBIKE,873016,1097,3500,False,2025-06-24,2025,6,18,1108,1,Tuesday,False,False,True,Summer,14.550266,True,Evening peak,3.315584017575757
149759435,2025-06-24 21:55:00,3427,"Fanshaw Street, Hoxton",2025-06-24 22:16:00,1081,"Liverpool Road (N1 Centre), Angel",58942,CLASSIC,1275938,3427,1081,False,2025-06-24,2025,6,21,1315,1,Tuesday,False,False,True,Summer,21.265633,False,"Working day, off peak",1.7259100778277057
149770271,2025-06-25 10:11:00,1186,"Belvedere Road 1, South Bank",2025-06-25 10:37:00,200027,"Ford Road, Old Ford",56110,CLASSIC,1535471,1186,200027,False,2025-06-25,2025,6,10,611,2,Wednesday,False,False,True,Summer,25.591183,False,"Working day, off peak",6.3625792814047415
149776502,2025-06-25 14:42:00,3467,"Dock Street, Wapping",2025-06-25 14:47:00,1077,"Royal London Hospital, Whitechapel",58410,CLASSIC,342378,3467,1077,False,2025-06-25,2025,6,14,882,2,Wednesday,False,False,True,Summer,5.7063,False,"Working day, off peak",1.1022815919588427
149779087,2025-06-25 16:20:00,1002,"Holy Trinity Brompton, Knightsbridge",2025-06-25 16:36:00,200184,"Erin Close, Walham Green",62673,PBSC_EBIKE,938490,1002,200184,False,2025-06-25,2025,6,16,980,2,Wednesday,False,False,True,Summer,15.6415,False,"Working day, off peak",2.699177396108462
149797764,2025-06-26 07:56:00,200008,"Portman Square, Marylebone",2025-06-26 08:05:00,200178,"Buckingham Gate, Westminster",63024,PBSC_EBIKE,537407,200008,200178,False,2025-06-26,2025,6,7,476,3,Thursday,False,False,True,Summer,8.956783,True,Morning peak,2.299262267131171
149805031,2025-06-26 10:38:00,984,"Finsbury Circus, Liverpool Street",2025-06-26 10:46:00,971,"Godliman Street, St. Paul's",51362,CLASSIC,467560,984,971,False,2025-06-26,2025,6,10,638,3,Thursday,False,False,True,Summer,7.7926664,False,"Working day, off peak",1.0017636004387318
149811523,2025-06-26 15:49:00,300242,"Allington Street, Victoria",2025-06-26 16:09:00,300045,"Albert Bridge Road, Battersea Park",59193,CLASSIC,1199391,300242,300045,False,2025-06-26,2025,6,15,949,3,Thursday,False,False,True,Summer,19.98985,False,"Working day, off peak",2.870429837123489
149811846,2025-06-26 16:01:00,1170,"Horseferry Road, Westminster",2025-06-26 16:10:00,1154,"Kennington Road, Vauxhall",56493,CLASSIC,490998,1170,1154,False,2025-06-26,2025,6,16,961,3,Thursday,False,False,True,Summer,8.1833,False,"Working day, off peak",1.3584237828880963
149816878,2025-06-26 17:50:00,2696,"Waterloo Station 1, Waterloo",2025-06-26 17:57:00,300240,"Lincoln's Inn Fields, Holborn",51323,CLASSIC,387793,2696,300240,False,2025-06-26,2025,6,17,1070,3,Thursday,False,False,True,Summer,6.463217,True,Evening peak,1.3958791494746643
149825551,2025-06-26 21:38:00,1086,"Baker Street, Marylebone",2025-06-26 21:54:00,1182,"Notting Hill Gate Station, Notting Hill",58487,CLASSIC,984982,1086,1182,False,2025-06-26,2025,6,21,1298,3,Thursday,False,False,True,Summer,16.416367,False,"Working day, off peak",2.981610964787668
149832711,2025-06-27 08:57:00,200084,"Doddington Grove, Kennington",2025-06-27 09:07:00,959,"Milroy Walk, South Bank",51702,CLASSIC,589717,200084,959,False,2025-06-27,2025,6,8,537,4,Friday,False,False,True,Summer,9.828617,True,Morning peak,2.2700392766286566
149914084,2025-06-30 00:59:00,22183,"Crinan Street, King's Cross",2025-06-30 01:05:00,300031,"Islington Green, Angel",62596,PBSC_EBIKE,396358,22183,300031,False,2025-06-30,2025,6,0,59,0,Monday,False,False,True,Summer,6.6059666,False,"Working day, off peak",1.36167929144267
149927535,2025-06-30 13:59:00,200083,"Pritchard's Road, Bethnal Green",2025-06-30 14:11:00,200083,"Pritchard's Road, Bethnal Green",56709,CLASSIC,738153,200083,200083,True,2025-06-30,2025,6,13,839,0,Monday,False,False,True,Summer,12.30255,False,"Working day, off peak",0.0
149938908,2025-06-30 18:46:00,3420,"Sedding Street, Sloane Square",2025-06-30 18:53:00,300058,"The Vale, Chelsea",54100,CLASSIC,427127,3420,300058,False,2025-06-30,2025,6,18,1126,0,Monday,False,False,True,Summer,7.1187835,True,Evening peak,1.5371120847423059
149946690,2025-07-01 02:40:00,200033,"Philpot Street, Whitechapel",2025-07-01 03:00:00,200234,"Bancroft Road, Bethnal Green",57886,CLASSIC,1168188,200033,200234,False,2025-07-01,2025,7,2,160,1,Tuesday,False,False,True,Summer,19.4698,False,"Working day, off peak",1.4362515919902759
149951714,2025-07-01 08:21:00,2696,"Waterloo Station 1, Waterloo",2025-07-01 08:30:00,300220,"Farringdon Street, Holborn",20258,CLASSIC,523803,2696,300220,False,2025-07-01,2025,7,8,501,1,Tuesday,False,False,True,Summer,8.73005,True,Morning peak,1.5470314944521713
149957876,2025-07-01 10:49:00,1182,"Notting Hill Gate Station, Notting Hill",2025-07-01 11:08:00,1052,"Soho Square , Soho",63508,PBSC_EBIKE,1096812,1182,1052,False,2025-07-01,2025,7,10,649,1,Tuesday,False,False,True,Summer,18.2802,False,"Working day, off peak",4.489999464662273
149961554,2025-07-01 13:51:00,1217,"Serpentine Car Park, Hyde Park",2025-07-01 14:02:00,200086,"Ilchester Gardens, Bayswater",57465,CLASSIC,652198,1217,200086,False,2025-07-01,2025,7,13,831,1,Tuesday,False,False,True,Summer,10.8699665,False,"Working day, off peak",1.4887860450333523
149980181,2025-07-01 22:27:00,300086,"Fulham Broadway, Walham Green",2025-07-01 22:33:00,200116,"Vereker Road, West Kensington",57664,CLASSIC,347227,300086,200116,False,2025-07-01,2025,7,22,1347,1,Tuesday,False,False,True,Summer,5.7871165,False,"Working day, off peak",1.506772067183561
149996981,2025-07-02 16:13:00,1009,"Taviton Street, Bloomsbury",2025-07-02 16:18:00,1005,"Eversholt Street , Camden Town",54381,CLASSIC,333842,1009,1005,False,2025-07-02,2025,7,16,973,2,Wednesday,False,False,True,Summer,5.5640335,False,"Working day, off peak",0.966526762019382
149998073,2025-07-02 16:46:00,200097,"Beryl Road, Hammersmith",2025-07-02 17:12:00,300065,"Clapham Common North Side, Clapham Common",35312,CLASSIC,1576527,200097,300065,False,2025-07-02,2025,7,16,1006,2,Wednesday,False,False,True,Summer,26.27545,False,"Working day, off peak",5.291570242558001
150009731,2025-07-02 20:42:00,200038,"Ackroyd Drive, Bow",2025-07-02 21:07:00,1209,"Empire Square, The Borough",52903,CLASSIC,1516691,200038,1209,False,2025-07-02,2025,7,20,1242,2,Wednesday,False,False,True,Summer,25.278183,False,"Working day, off peak",4.871280425861466
150019438,2025-07-03 08:45:00,1011,"Argyle Street, Kings Cross",2025-07-03 11:26:00,1152,"Marylebone Lane, Marylebone",53627,CLASSIC,9655440,1011,,,2025-07-03,2025,7,8,525,3,Thursday,False,False,True,Summer,160.924,True,Morning peak,
150025792,2025-07-03 12:17:00,3450,"Great Titchfield Street, Fitzrovia",2025-07-03 15:07:00,3450,"Great Titchfield Street, Fitzrovia",50731,CLASSIC,10148413,3450,3450,True,2025-07-03,2025,7,12,737,3,Thursday,False,False,True,Summer,169.14021,False,"Working day, off peak",0.0
150028026,2025-07-03 13:46:00,300202,"Kings Gate House, Westminster",2025-07-03 14:00:00,3497,"Rathbone Street, Fitzrovia",62273,PBSC_EBIKE,870059,300202,3497,False,2025-07-03,2025,7,13,826,3,Thursday,False,False,True,Summer,14.500983,False,"Working day, off peak",2.282450084126188
150034753,2025-07-03 17:20:00,300086,"Fulham Broadway, Walham Green",2025-07-03 17:35:00,200217,"Disraeli Road, Putney",63427,PBSC_EBIKE,883177,300086,200217,False,2025-07-03,2025,7,17,1040,3,Thursday,False,False,True,Summer,14.719617,True,Evening peak,2.5453525928985425
150048882,2025-07-04 05:58:00,1224,"Vauxhall Street, Vauxhall",2025-07-04 06:07:00,300214,"Blackfriars Road, Southwark",53268,CLASSIC,560349,1224,300214,False,2025-07-04,2025,7,5,358,4,Friday,False,False,True,Summer,9.33915,True,Morning peak,2.220304846959609
150055366,2025-07-04 09:52:00,1099,"Frampton Street, Paddington",2025-07-04 11:03:00,1144,"Poured Lines, Bankside",52768,CLASSIC,4268977,1099,1144,False,2025-07-04,2025,7,9,592,4,Friday,False,False,True,Summer,71.14962,True,Morning peak,5.314164024695111
150058598,2025-07-04 12:16:00,3465,"Eccleston Place, Victoria",2025-07-04 12:45:00,200113,"Smugglers Way, Wandsworth",56711,CLASSIC,1744134,3465,200113,False,2025-07-04,2025,7,12,736,4,Friday,False,False,True,Summer,29.0689,False,"Working day, off peak",4.762695958907201
150060239,2025-07-04 13:20:00,972,"Hampstead Road, Euston",2025-07-04 13:26:00,3439,"Tavistock Place, Bloomsbury",52777,CLASSIC,356652,972,3439,False,2025-07-04,2025,7,13,800,4,Friday,False,False,True,Summer,5.9442,False,"Working day, off peak",1.0215227258407789
150065417,2025-07-04 16:16:00,3458,"Waterloo Place, St. James's",2025-07-04 16:36:00,1112,"Nutford Place, Marylebone",54779,CLASSIC,1197881,3458,1112,False,2025-07-04,2025,7,16,976,4,Friday,False,False,True,Summer,19.964684,False,"Working day, off peak",2.5107287362848183
150068179,2025-07-04 17:19:00,200226,"Kingsway Southbound, Strand",2025-07-04 17:33:00,3452,"Panton Street, West End",58980,CLASSIC,804701,200226,3452,False,2025-07-04,2025,7,17,1039,4,Friday,False,False,True,Summer,13.411683,True,Evening peak,1.0608671891840569
150080127,2025-07-04 23:59:00,300083,"Duke Street Hill, London Bridge",2025-07-05 00:07:00,2696,"Waterloo Station 1, Waterloo",58689,CLASSIC,436455,300083,2696,False,2025-07-04,2025,7,23,1439,4,Friday,False,False,True,Summer,7.27425,False,"Working day, off peak",1.858521373542482
150097637,2025-07-05 17:32:00,1028,"William IV Street, Strand",2025-07-06 17:08:00,200016,"Castlehaven Road, Camden Town",63078,PBSC_EBIKE,84960292,1028,200016,False,2025-07-05,2025,7,17,1052,5,Saturday,True,False,False,Summer,1416.0049,False,Weekend or holiday,3.904014322223341
150164964,2025-07-08 09:38:00,1122,"Ashley Place, Victoria",2025-07-08 09:44:00,965,"Tachbrook Street, Victoria",53611,CLASSIC,354109,1122,965,False,2025-07-08,2025,7,9,578,1,Tuesday,False,False,True,Summer,5.901817,True,Morning peak,0.48443976932769894
150197300,2025-07-09 08:41:00,1029,"Windsor Terrace, Hoxton",2025-07-09 08:53:00,200212,"Blackfriars Station, St. Paul's",58824,CLASSIC,732871,1029,200212,False,2025-07-09,2025,7,8,521,2,Wednesday,False,False,True,Summer,12.214517,True,Morning peak,2.0280059855079555
150219234,2025-07-09 19:08:00,300086,"Fulham Broadway, Walham Green",2025-07-09 19:22:00,300018,"Charing Cross Hospital, Hammersmith",53775,CLASSIC,820016,300086,300018,False,2025-07-09,2025,7,19,1148,2,Wednesday,False,False,True,Summer,13.666933,True,Evening peak,1.8446115311900482
150233754,2025-07-10 09:04:00,1051,"Shoreditch Park, Hoxton",2025-07-10 09:28:00,200144,"Sea Containers, South Bank",56465,CLASSIC,1410345,1051,200144,False,2025-07-10,2025,7,9,544,3,Thursday,False,False,True,Summer,23.50575,True,Morning peak,3.219447751148044
150247552,2025-07-10 17:14:00,1201,"Bank of England Museum, Bank",2025-07-10 17:42:00,200004,"Lightermans Road, Millwall",57109,CLASSIC,1635543,1201,200004,False,2025-07-10,2025,7,17,1034,3,Thursday,False,False,True,Summer,27.25905,True,Evening peak,4.971093239158486
150254034,2025-07-10 18:59:00,200236,"Greenberry Street, St.John's Wood",2025-07-10 19:05:00,1187,"St. John's Wood Road, St. John's Wood",57018,CLASSIC,360765,200236,1187,False,2025-07-10,2025,7,18,1139,3,Thursday,False,False,True,Summer,6.01275,True,Evening peak,0.7190538132986422
150287211,2025-07-11 18:56:00,3469,"Cadogan Place, Knightsbridge",2025-07-11 19:11:00,200098,"Aintree Street, Fulham",53743,CLASSIC,926926,3469,200098,False,2025-07-11,2025,7,18,1136,4,Friday,False,False,True,Summer,15.448767,True,Evening peak,3.897731886791702
150312723,2025-07-12 16:47:00,200249,"Queen Mary's, Mile End",2025-07-12 16:49:00,200012,"Stepney Green Station, Stepney",57270,CLASSIC,149741,200249,200012,False,2025-07-12,2025,7,16,1007,5,Saturday,True,False,False,Summer,2.4956834,False,Weekend or holiday,0.37252919499155646
150336194,2025-07-13 14:32:00,200102,"Harford Street, Mile End",2025-07-13 14:40:00,3430,"Central House, Aldgate",60324,PBSC_EBIKE,467446,200102,3430,False,2025-07-13,2025,7,14,872,6,Sunday,True,False,False,Summer,7.7907667,False,Weekend or holiday,2.2501124592680726
150338449,2025-07-13 15:33:00,1148,"Queen Mother Sports Centre, Victoria",2025-07-13 16:01:00,972,"Hampstead Road, Euston",53120,CLASSIC,1721948,1148,972,False,2025-07-13,2025,7,15,933,6,Sunday,True,False,False,Summer,28.699133,False,Weekend or holiday,3.556794614032933
150350357,2025-07-13 23:38:00,1036,"Crawford Street, Marylebone",2025-07-13 23:50:00,200118,"Albert Street, Camden Town",52412,CLASSIC,713371,1036,200118,False,2025-07-13,2025,7,23,1418,6,Sunday,True,False,False,Summer,11.889517,False,Weekend or holiday,2.120590320150112
150352466,2025-07-14 07:25:00,200181,"Richmond Way, Shepherd's Bush",2025-07-14 07:31:00,200172,"Lansdowne Road, Ladbroke Grove",54610,CLASSIC,320226,200181,200172,False,2025-07-14,2025,7,7,445,0,Monday,False,False,True,Summer,5.3371,True,Morning peak,1.147068726208079
150381243,2025-07-14 22:01:00,200016,"Castlehaven Road, Camden Town",2025-07-14 22:24:00,200239,"Old Montague Street, Whitechapel",60480,PBSC_EBIKE,1376462,200016,200239,False,2025-07-14,2025,7,22,1321,0,Monday,False,False,True,Summer,22.941032,False,"Working day, off peak",5.996169964630795
150393799,2025-07-15 11:12:00,200119,"Dorothy Road, Clapham Junction",2025-07-15 11:23:00,200001,"Limerston Street, West Chelsea",35414,CLASSIC,633285,200119,200001,False,2025-07-15,2025,7,11,672,1,Tuesday,False,False,True,Summer,10.55475,False,"Working day, off peak",2.5819934239297084
150423057,2025-07-16 09:17:00,1077,"Royal London Hospital, Whitechapel",2025-07-16 09:34:00,300226,"Copper Box Arena, Queen Elizabeth Olympic Park",62678,PBSC_EBIKE,1011816,1077,300226,False,2025-07-16,2025,7,9,557,2,Wednesday,False,False,True,Summer,16.8636,True,Morning peak,4.047718775896752
150434599,2025-07-16 17:07:00,991,"Crosswall, Tower",2025-07-16 17:24:00,2696,"Waterloo Station 1, Waterloo",59422,CLASSIC,998211,991,2696,False,2025-07-16,2025,7,17,1027,2,Wednesday,False,False,True,Summer,16.63685,True,Evening peak,2.678521264526997
150442658,2025-07-16 19:22:00,200176,"Sheepcote Lane, Battersea",2025-07-16 19:26:00,300077,"Ingrave Street, Clapham Junction",53524,CLASSIC,236394,200176,300077,False,2025-07-16,2025,7,19,1162,2,Wednesday,False,False,True,Summer,3.9399,True,Evening peak,0.726844899268528
150444815,2025-07-16 20:26:00,1083,"Commercial Street, Shoreditch",2025-07-16 20:36:00,200167,"Twig Folly Bridge, Mile End",53718,CLASSIC,609012,1083,200167,False,2025-07-16,2025,7,20,1226,2,Wednesday,False,False,True,Summer,10.1502,False,"Working day, off peak",2.484696139022333
150449188,2025-07-17 05:59:00,3464,"Green Street, Mayfair",2025-07-17 06:16:00,22183,"Crinan Street, King's Cross",62436,PBSC_EBIKE,970582,3464,22183,False,2025-07-17,2025,7,5,359,3,Thursday,False,False,True,Summer,16.176367,True,Morning peak,3.4690621445118572
150480396,2025-07-17 22:34:00,984,"Finsbury Circus, Liverpool Street",2025-07-17 22:50:00,22170,"Kennington Station, Kennington",52347,CLASSIC,983782,984,22170,False,2025-07-17,2025,7,22,1354,3,Thursday,False,False,True,Summer,16.396366,False,"Working day, off peak",3.400210176390435
150486247,2025-07-18 08:48:00,1040,"West Smithfield Rotunda, Farringdon",2025-07-18 08:55:00,1184,"St. Mary Axe, Aldgate",57119,CLASSIC,442923,1040,1184,False,2025-07-18,2025,7,8,528,4,Friday,False,False,True,Summer,7.38205,True,Morning peak,1.4620307429577604
150557260,2025-07-21 11:15:00,200096,"Green Park Station, Mayfair",2025-07-21 12:02:00,1075,"Hyde Park Corner, Hyde Park",22141,CLASSIC,2794487,200096,1075,False,2025-07-21,2025,7,11,675,0,Monday,False,False,True,Summer,46.574783,False,"Working day, off peak",0.8349358475021177
150605446,2025-07-22 22:16:00,1113,"Trebovir Road, Earl's Court",2025-07-22 22:30:00,1203,"Eastbourne Mews, Paddington",58487,CLASSIC,865442,1113,1203,False,2025-07-22,2025,7,22,1336,1,Tuesday,False,False,True,Summer,14.424033,False,"Working day, off peak",3.0774214924955596
150634344,2025-07-23 20:25:00,2682,"Turquoise Island, Notting Hill",2025-07-23 20:31:00,1128,"Westbourne Green, Westbourne",52371,CLASSIC,374968,2682,1128,False,2025-07-23,2025,7,20,1225,2,Wednesday,False,False,True,Summer,6.249467,False,"Working day, off peak",1.035147000931317
150654837,2025-07-24 17:03:00,3424,"Broadcasting House, Marylebone",2025-07-24 17:23:00,300088,"Queensdale Road, Shepherd's Bush",62673,PBSC_EBIKE,1256106,3424,300088,False,2025-07-24,2025,7,17,1023,3,Thursday,False,False,True,Summer,20.9351,True,Evening peak,5.136434708695305
150676174,2025-07-25 12:24:00,3459,"Collingham Gardens, Earl's Court",2025-07-25 12:30:00,3463,"Argyll Road, Kensington",30513,CLASSIC,357563,3459,3463,False,2025-07-25,2025,7,12,744,4,Friday,False,False,True,Summer,5.9593835,False,"Working day, off peak",1.1477565496257676
150681516,2025-07-25 15:43:00,1216,"Swan Street, The Borough",2025-07-25 15:51:00,959,"Milroy Walk, South Bank",52643,CLASSIC,498417,1216,959,False,2025-07-25,2025,7,15,943,4,Friday,False,False,True,Summer,8.30695,False,"Working day, off peak",1.2110963292269903
150708187,2025-07-26 14:07:00,300219,"Here East South, Queen Elizabeth Olympic Park",2025-07-26 14:54:00,3483,"Fashion Street, Whitechapel",41068,CLASSIC,2824362,300219,3483,False,2025-07-26,2025,7,14,847,5,Saturday,True,False,False,Summer,47.0727,False,Weekend or holiday,4.812349823716441
150724874,2025-07-27 06:40:00,200256,"Sutton Street, Shadwell",2025-07-27 06:46:00,200239,"Old Montague Street, Whitechapel",63496,PBSC_EBIKE,386889,200256,200239,False,2025-07-27,2025,7,6,400,6,Sunday,True,False,False,Summer,6.44815,False,Weekend or holiday,1.2540224106819253
150747487,2025-07-28 03:42:00,1106,"Rampayne Street, Pimlico",2025-07-28 03:54:00,300093,"Park Lane, Mayfair",59980,CLASSIC,702601,1106,300093,False,2025-07-28,2025,7,3,222,0,Monday,False,False,True,Summer,11.710016,False,"Working day, off peak",2.121212299953078
150785307,2025-07-29 09:24:00,1062,"Braham Street, Aldgate",2025-07-29 09:52:00,2703,"Fire Brigade Pier, Vauxhall",62707,PBSC_EBIKE,1661777,1062,2703,False,2025-07-29,2025,7,9,564,1,Tuesday,False,False,True,Summer,27.696283,True,Morning peak,4.023097871536434
150791584,2025-07-29 14:17:00,200192,"Fawcett Close, Battersea",2025-07-29 14:25:00,200113,"Smugglers Way, Wandsworth",35378,CLASSIC,469801,200192,200113,False,2025-07-29,2025,7,14,857,1,Tuesday,False,False,True,Summer,7.8300166,False,"Working day, off peak",1.4941939954774328
150810949,2025-07-30 07:16:00,200133,"South Lambeth Road, Vauxhall",2025-07-30 07:37:00,22180,"Cheapside, Bank",56176,CLASSIC,1262129,200133,22180,False,2025-07-30,2025,7,7,436,2,Wednesday,False,False,True,Summer,21.035482,True,Morning peak,4.201677822098624
150822037,2025-07-30 13:01:00,1133,"Baylis Road, Waterloo",2025-07-30 13:34:00,200128,"Queen Street 2, Bank",63085,PBSC_EBIKE,2004658,1133,200128,False,2025-07-30,2025,7,13,781,2,Wednesday,False,False,True,Summer,33.410965,False,"Working day, off peak",1.6370251050023918
150828714,2025-07-30 17:11:00,1075,"Hyde Park Corner, Hyde Park",2025-07-30 17:23:00,1075,"Hyde Park Corner, Hyde Park",59891,CLASSIC,668620,1075,1075,True,2025-07-30,2025,7,17,1031,2,Wednesday,False,False,True,Summer,11.143666,True,Evening peak,0.0
150836445,2025-07-30 19:21:00,200112,"Cadogan Close, Victoria Park",2025-07-30 19:39:00,200246,"Eagle Wharf Road, Hoxton",63014,PBSC_EBIKE,1077179,200112,200246,False,2025-07-30,2025,7,19,1161,2,Wednesday,False,False,True,Summer,17.952984,True,Evening peak,4.541698077624213
150846389,2025-07-31 09:02:00,300079,"London Street, Paddington",2025-07-31 09:10:00,1166,"Bell Street , Marylebone",51625,CLASSIC,481483,300079,1166,False,2025-07-31,2025,7,9,542,3,Thursday,False,False,True,Summer,8.024716,True,Morning peak,0.9419348877308658
150860670,2025-07-31 18:16:00,1167,"South Wharf Road, Paddington",2025-07-31 18:45:00,300010,"Surrey Lane, Battersea",58464,CLASSIC,1715201,1167,300010,False,2025-07-31,2025,7,18,1096,3,Thursday,False,False,True,Summer,28.586683,True,Evening peak,4.725515321553392
150886281,2025-08-01 17:10:00,3495,"Wells Street, Fitzrovia",2025-08-01 17:33:00,2681,"Harriet Street, Knightsbridge",30354,CLASSIC,1344747,3495,2681,False,2025-08-01,2025,8,17,1030,4,Friday,False,False,True,Summer,22.41245,True,Evening peak,2.353712687718912
150893986,2025-08-01 21:17:00,300201,"Coram Street, Bloomsbury",2025-08-01 21:22:00,1090,"Warren Street Station, Euston",50152,CLASSIC,311410,300201,1090,False,2025-08-01,2025,8,21,1277,4,Friday,False,False,True,Summer,5.1901665,False,"Working day, off peak",0.8046977198353589
150901259,2025-08-02 11:02:00,3445,"Shoreditch High Street, Shoreditch",2025-08-02 11:04:00,973,"Bethnal Green Road, Shoreditch",22887,CLASSIC,131336,3445,973,False,2025-08-02,2025,8,11,662,5,Saturday,True,False,False,Summer,2.1889334,False,Weekend or holiday,0.38292658482146613
150903436,2025-08-02 12:10:00,200061,"Westfield Southern Terrace ,Shepherd's Bush",2025-08-02 12:48:00,300091,"Hortensia Road, West Brompton",59136,CLASSIC,2282897,200061,300091,False,2025-08-02,2025,8,12,730,5,Saturday,True,False,False,Summer,38.048283,False,Weekend or holiday,3.557495756092636
150904479,2025-08-02 12:41:00,300226,"Copper Box Arena, Queen Elizabeth Olympic Park",2025-08-02 12:45:00,300233,"Aquatic Centre, Queen Elizabeth Olympic Park",60569,PBSC_EBIKE,235253,300226,300233,False,2025-08-02,2025,8,12,761,5,Saturday,True,False,False,Summer,3.9208834,False,Weekend or holiday,0.7959557336746388
150930796,2025-08-03 13:33:00,1051,"Shoreditch Park, Hoxton",2025-08-03 13:49:00,200025444,"London Fields, Hackney Central_OLD",51108,CLASSIC,991360,1051,200025,False,2025-08-03,2025,8,13,813,6,Sunday,True,False,False,Summer,16.522667,False,Weekend or holiday,2.064768649834639
150939568,2025-08-03 17:59:00,1177,"Seville Street, Knightsbridge",2025-08-03 18:32:00,200202,"Storey's Gate, Westminster",57918,CLASSIC,1930834,1177,200202,False,2025-08-03,2025,8,17,1079,6,Sunday,True,False,False,Summer,32.180565,False,Weekend or holiday,2.048654726757035
150969026,2025-08-04 20:03:00,300200,"East Village, Queen Elizabeth Olympic Park",2025-08-04 20:30:00,300200,"East Village, Queen Elizabeth Olympic Park",51135,CLASSIC,1570753,300200,300200,True,2025-08-04,2025,8,20,1203,0,Monday,False,False,True,Summer,26.179216,False,"Working day, off peak",0.0
151039071,2025-08-07 10:20:00,998,"Lollard Street, Vauxhall",2025-08-07 10:26:00,10624,"Strata, Elephant & Castle",21834,CLASSIC,348436,998,10624,False,2025-08-07,2025,8,10,620,3,Thursday,False,False,True,Summer,5.8072667,False,"Working day, off peak",1.0462228878651765
151161472,2025-08-11 14:33:00,22180,"Cheapside, Bank",2025-08-11 14:50:00,10629,"Rotherhithe Roundabout, Rotherhithe",53829,CLASSIC,1030048,22180,10629,False,2025-08-11,2025,8,14,873,0,Monday,False,False,True,Summer,17.167467,False,"Working day, off peak",3.0495315581837703
151186977,2025-08-12 10:42:00,1110,"Palace Gate, Kensington Gardens",2025-08-12 11:30:00,1217,"Serpentine Car Park, Hyde Park",56525,CLASSIC,2880007,1110,1217,False,2025-08-12,2025,8,10,642,1,Tuesday,False,False,True,Summer,48.00012,False,"Working day, off peak",0.8516327217936573
151192033,2025-08-12 14:42:00,300236,"Bevington Road West, North Kensington",2025-08-12 15:00:00,300008,"Normand Park, West Kensington",62141,PBSC_EBIKE,1125140,300236,300008,False,2025-08-12,2025,8,14,882,1,Tuesday,False,False,True,Summer,18.752333,False,"Working day, off peak",4.103226251682382
151192544,2025-08-12 15:06:00,200012,"Stepney Green Station, Stepney",2025-08-12 15:24:00,200128,"Queen Street 2, Bank",31022,CLASSIC,1066000,200012,200128,False,2025-08-12,2025,8,15,906,1,Tuesday,False,False,True,Summer,17.766666,False,"Working day, off peak",3.4205932578943625
151217291,2025-08-13 09:10:00,3426,"Lansdowne Drive, Hackney Central",2025-08-13 09:22:00,300039,"Wendon Street, Old Ford",21131,CLASSIC,702119,3426,300039,False,2025-08-13,2025,8,9,550,2,Wednesday,False,False,True,Summer,11.701983,True,Morning peak,2.5624714211531905
151218613,2025-08-13 09:47:00,300232,"Riverlight South, Nine Elms",2025-08-13 10:04:00,2587,"Wormwood Street, Liverpool Street",62626,PBSC_EBIKE,1057286,,2587,,2025-08-13,2025,8,9,587,2,Wednesday,False,False,True,Summer,17.621433,True,Morning peak,
151221243,2025-08-13 11:38:00,300206,"Saltoun Road, Brixton",2025-08-13 12:03:00,2587,"Wormwood Street, Liverpool Street",50959,CLASSIC,1490465,300206,2587,False,2025-08-13,2025,8,11,698,2,Wednesday,False,False,True,Summer,24.841084,False,"Working day, off peak",6.623616656885196
151242756,2025-08-14 07:42:00,2698,"Aberdeen Place, St. John's Wood",2025-08-14 08:22:00,300250,"Temple Gardens, Temple",59871,CLASSIC,2431339,2698,300250,False,2025-08-14,2025,8,7,462,3,Thursday,False,False,True,Summer,40.522316,True,Morning peak,4.9470454705288684
151251312,2025-08-14 12:08:00,300216,"Gas Holders, Battersea Park",2025-08-14 12:25:00,300053,"Stephendale Road, Sands End",52010,CLASSIC,1034062,300216,300053,False,2025-08-14,2025,8,12,728,3,Thursday,False,False,True,Summer,17.234367,False,"Working day, off peak",3.1360408319142397
151252162,2025-08-14 12:44:00,200039,"Sail Street, Vauxhall",2025-08-14 12:56:00,1142,"Tooley Street, Bermondsey",63521,PBSC_EBIKE,733799,200039,1142,False,2025-08-14,2025,8,12,764,3,Thursday,False,False,True,Summer,12.229983,False,"Working day, off peak",2.573719602476507
151264526,2025-08-14 18:42:00,200027,"Ford Road, Old Ford",2025-08-14 18:52:00,200003,"Cheshire Street, Bethnal Green",55159,CLASSIC,615358,200027,200003,False,2025-08-14,2025,8,18,1122,3,Thursday,False,False,True,Summer,10.255967,True,Evening peak,2.4122889685797944
151285565,2025-08-15 14:47:00,1132,"Albert Gate, Hyde Park",2025-08-15 15:09:00,200154,"Hansard Mews, Holland Park",59642,CLASSIC,1332740,1132,200154,False,2025-08-15,2025,8,14,887,4,Friday,False,False,True,Summer,22.212334,False,"Working day, off peak",3.970760432529491
151292501,2025-08-15 18:00:00,200070,"Arlington Road, Camden Town",2025-08-15 18:57:00,22158,"Exhibition Road Museums 1, South Kensington",41053,CLASSIC,3437450,200070,22158,False,2025-08-15,2025,8,18,1080,4,Friday,False,False,True,Summer,57.290833,True,Evening peak,5.223691921604327
151298198,2025-08-15 20:37:00,1145,"Bucknall Street, Covent Garden",2025-08-15 20:56:00,22174,"Granby Street, Shoreditch",62828,PBSC_EBIKE,1168608,1145,22174,False,2025-08-15,2025,8,20,1237,4,Friday,False,False,True,Summer,19.4768,False,"Working day, off peak",4.208019703652079
151304709,2025-08-16 09:57:00,300211,"Ossulston Street, Somers Town",2025-08-16 10:01:00,969,"Gower Place , Euston",54654,CLASSIC,233732,300211,969,False,2025-08-16,2025,8,9,597,5,Saturday,True,False,False,Summer,3.8955333,False,Weekend or holiday,0.6584523965623955
151306815,2025-08-16 11:23:00,3435,"Gloucester Road (Central), South Kensington",2025-08-16 11:37:00,300012,"Irene Road, Parsons Green",57837,CLASSIC,821222,3435,300012,False,2025-08-16,2025,8,11,683,5,Saturday,True,False,False,Summer,13.687034,False,Weekend or holiday,2.696906546887362
151335127,2025-08-17 12:54:00,200202,"Storey's Gate, Westminster",2025-08-17 13:01:00,968,"Warwick Row, Westminster",54519,CLASSIC,378287,200202,968,False,2025-08-17,2025,8,12,774,6,Sunday,True,False,False,Summer,6.3047833,False,Weekend or holiday,0.9660338596126277
151344826,2025-08-17 16:25:00,1102,"Leman Street, Aldgate",2025-08-17 17:21:00,1102,"Leman Street, Aldgate",58787,CLASSIC,3358235,1102,1102,True,2025-08-17,2025,8,16,985,6,Sunday,True,False,False,Summer,55.970585,False,Weekend or holiday,0.0
151357545,2025-08-17 22:03:00,200163,"Jubilee Plaza, Canary Wharf",2025-08-17 22:17:00,200147,"Salmon Lane, Limehouse",54009,CLASSIC,836708,200163,200147,False,2025-08-17,2025,8,22,1323,6,Sunday,True,False,False,Summer,13.945133,False,Weekend or holiday,1.517771110388573
151369040,2025-08-18 12:47:00,200202,"Storey's Gate, Westminster",2025-08-18 13:07:00,300221,"Battersea Power Station, Battersea Park",52283,CLASSIC,1223368,200202,300221,False,2025-08-18,2025,8,12,767,0,Monday,False,False,True,Summer,20.389467,False,"Working day, off peak",2.2829573129614387
151372497,2025-08-18 15:37:00,1050,"Park Road (Baker Street), The Regent's Park",2025-08-18 16:11:00,1096,"Bayswater Road, Hyde Park",52140,CLASSIC,2059924,1050,1096,False,2025-08-18,2025,8,15,937,0,Monday,False,False,True,Summer,34.332066,False,"Working day, off peak",1.7608242727845809
151390317,2025-08-19 08:20:00,1129,"Sun Street, Liverpool Street",2025-08-19 08:23:00,1020,"Leonard Circus , Shoreditch",50725,CLASSIC,169489,1129,1020,False,2025-08-19,2025,8,8,500,1,Tuesday,False,False,True,Summer,2.8248167,True,Morning peak,0.5223358436057933
151393418,2025-08-19 09:17:00,3465,"Eccleston Place, Victoria",2025-08-19 09:34:00,2691,"Howland Street, Fitzrovia",62275,PBSC_EBIKE,1058730,3465,2691,False,2025-08-19,2025,8,9,557,1,Tuesday,False,False,True,Summer,17.6455,True,Morning peak,3.065600318581987
151401772,2025-08-19 16:02:00,300249,"Westminster Pier, Westminster",2025-08-19 16:29:00,1071,"Tower Gardens , Tower",62033,PBSC_EBIKE,1624793,300249,1071,False,2025-08-19,2025,8,16,962,1,Tuesday,False,False,True,Summer,27.079884,False,"Working day, off peak",3.4633573766878483
151421567,2025-08-20 08:40:00,200178,"Buckingham Gate, Westminster",2025-08-20 08:55:00,22171,"Red Lion Street, Holborn",42092,CLASSIC,905839,200178,22171,False,2025-08-20,2025,8,8,520,2,Wednesday,False,False,True,Summer,15.097317,True,Morning peak,2.593920273538539
151422151,2025-08-20 08:49:00,3457,"Rochester Row, Westminster",2025-08-20 08:52:00,1122,"Ashley Place, Victoria",51302,CLASSIC,178130,3457,1122,False,2025-08-20,2025,8,8,529,2,Wednesday,False,False,True,Summer,2.9688334,True,Morning peak,0.38040642155654925
151429366,2025-08-20 14:05:00,1160,"Craven Street, Strand",2025-08-20 14:36:00,200101,"Monument Street, Monument",54435,CLASSIC,1879292,1160,200101,False,2025-08-20,2025,8,14,845,2,Wednesday,False,False,True,Summer,31.321533,False,"Working day, off peak",2.8461522447886023
151458758,2025-08-21 13:53:00,985,"Hatton Garden, Holborn",2025-08-21 14:14:00,1213,"Curlew Street, Shad Thames",55778,CLASSIC,1207959,985,1213,False,2025-08-21,2025,8,13,833,3,Thursday,False,False,True,Summer,20.13265,False,"Working day, off peak",2.9780947918270075
151464192,2025-08-21 17:22:00,971,"Godliman Street, St. Paul's",2025-08-21 17:28:00,300214,"Blackfriars Road, Southwark",52259,CLASSIC,335490,971,300214,False,2025-08-21,2025,8,17,1042,3,Thursday,False,False,True,Summer,5.5915,True,Evening peak,0.8657088141829837
151468510,2025-08-21 18:41:00,200048,"Page Street, Westminster",2025-08-21 18:51:00,200173,"Courland Grove, Wandsworth Road",57631,CLASSIC,594913,200048,200173,False,2025-08-21,2025,8,18,1121,3,Thursday,False,False,True,Summer,9.915216,True,Evening peak,2.362846656162007
151477986,2025-08-22 08:20:00,3494,"Foley Street, Fitzrovia",2025-08-22 08:26:00,3506,"Stanhope Gate, Mayfair",58091,CLASSIC,357655,3494,3506,False,2025-08-22,2025,8,8,500,4,Friday,False,False,True,Summer,5.9609165,True,Morning peak,1.5401742346207614
151481300,2025-08-22 10:30:00,300219,"Here East South, Queen Elizabeth Olympic Park",2025-08-22 11:01:00,3430,"Central House, Aldgate",90863,CLASSIC,1802582,300219,3430,False,2025-08-22,2025,8,10,630,4,Friday,False,False,True,Summer,30.043034,False,"Working day, off peak",4.885026502553869
151498198,2025-08-22 20:39:00,3452,"Panton Street, West End",2025-08-22 21:00:00,3427,"Fanshaw Street, Hoxton",61125,PBSC_EBIKE,1292813,3452,3427,False,2025-08-22,2025,8,20,1239,4,Friday,False,False,True,Summer,21.546883,False,"Working day, off peak",3.9997180911753625
151509480,2025-08-23 13:07:00,1153,"Pall Mall East, West End",2025-08-23 13:44:00,200067,"Princedale Road , Holland Park",53333,CLASSIC,2203315,1153,200067,False,2025-08-23,2025,8,13,787,5,Saturday,True,False,False,Summer,36.721916,False,Weekend or holiday,5.385566737906501
151511743,2025-08-23 14:23:00,3429,"Abbey Orchard Street, Westminster",2025-08-23 14:27:00,22161,"Vincent Street, Pimlico",35651,CLASSIC,265811,3429,22161,False,2025-08-23,2025,8,14,863,5,Saturday,True,False,False,Summer,4.4301834,False,Weekend or holiday,0.5817287720869204
151517205,2025-08-23 17:18:00,1146,"Tysoe Street, Clerkenwell",2025-08-23 17:29:00,1005,"Eversholt Street , Camden Town",64195,PBSC_EBIKE,636492,1146,1005,False,2025-08-23,2025,8,17,1038,5,Saturday,True,False,False,Summer,10.6082,False,Weekend or holiday,2.039782335522672
151525843,2025-08-24 08:01:00,200027,"Ford Road, Old Ford",2025-08-24 08:06:00,200230444,"Maplin Street, Mile End_OLD",56039,CLASSIC,277353,200027,200230,False,2025-08-24,2025,8,8,481,6,Sunday,True,False,False,Summer,4.62255,False,Weekend or holiday,0.7817494917471688
151566820,2025-08-25 16:52:00,300021,"Podium, Queen Elizabeth Olympic Park",2025-08-25 17:27:00,1051,"Shoreditch Park, Hoxton",55086,CLASSIC,2150592,300021,1051,False,2025-08-25,2025,8,16,1012,0,Monday,False,True,False,Summer,35.8432,False,Weekend or holiday,5.178285450523041
151580230,2025-08-26 08:31:00,1187,"St. John's Wood Road, St. John's Wood",2025-08-26 08:47:00,1042,"Woodstock Street, Mayfair",53364,CLASSIC,995175,1187,1042,False,2025-08-26,2025,8,8,511,1,Tuesday,False,False,True,Summer,16.58625,True,Morning peak,2.3941943585412404
151590852,2025-08-26 16:45:00,1160,"Craven Street, Strand",2025-08-26 17:00:00,300036,"Teversham Lane, Stockwell",90893,CLASSIC,913326,1160,300036,False,2025-08-26,2025,8,16,1005,1,Tuesday,False,False,True,Summer,15.2221,False,"Working day, off peak",3.5582681705722585
151591591,2025-08-26 17:04:00,3431,"Grafton Street, Mayfair",2025-08-26 17:14:00,300079,"London Street, Paddington",54334,CLASSIC,575325,3431,300079,False,2025-08-26,2025,8,17,1024,1,Tuesday,False,False,True,Summer,9.58875,True,Evening peak,2.167321562344569
151627878,2025-08-27 20:06:00,300027,"Mile End Park Leisure Centre, Mile End",2025-08-27 20:49:00,200131,"Clarkson Street, Bethnal Green",53412,CLASSIC,2588056,300027,200131,False,2025-08-27,2025,8,20,1206,2,Wednesday,False,False,True,Summer,43.134266,False,"Working day, off peak",2.0439519524533494
151657918,2025-08-28 21:49:00,200110,"Bishop's Bridge Road West, Bayswater",2025-08-28 21:55:00,200017,"Lancaster Gate , Bayswater",41847,CLASSIC,335684,200110,200017,False,2025-08-28,2025,8,21,1309,3,Thursday,False,False,True,Summer,5.594733,False,"Working day, off peak",0.711594736638328
151658209,2025-08-28 22:09:00,1200,"Ontario Street, Elephant & Castle",2025-08-28 22:41:00,300015,"Binfield Road, Stockwell",59545,CLASSIC,1941553,1200,300015,False,2025-08-28,2025,8,22,1329,3,Thursday,False,False,True,Summer,32.359215,False,"Working day, off peak",3.0551306465813077
151660341,2025-08-29 07:17:00,3433,"Sadlers Sports Centre, Finsbury",2025-08-29 07:26:00,300096,"Tallis Street, Temple",56924,CLASSIC,506121,3433,300096,False,2025-08-29,2025,8,7,437,4,Friday,False,False,True,Summer,8.43535,True,Morning peak,1.5420628802828507
151680963,2025-08-30 08:27:00,22177,"Christian Street, Whitechapel",2025-08-30 08:40:00,200102,"Harford Street, Mile End",53777,CLASSIC,750889,22177,200102,False,2025-08-30,2025,8,8,507,5,Saturday,True,False,False,Summer,12.514816,False,Weekend or holiday,1.960371794344557
151701091,2025-08-31 07:07:00,1229,"High Holborn , Covent Garden",2025-08-31 07:22:00,1054,"East Road, Hoxton",56546,CLASSIC,854849,1229,1054,False,2025-08-31,2025,8,7,427,6,Sunday,True,False,False,Summer,14.247483,False,Weekend or holiday,2.8887166679854337
151711185,2025-08-31 14:16:00,994,"Tanner Street, Bermondsey",2025-08-31 14:25:00,2587,"Wormwood Street, Liverpool Street",35370,CLASSIC,555315,994,2587,False,2025-08-31,2025,8,14,856,6,Sunday,True,False,False,Summer,9.25525,False,Weekend or holiday,1.744470141710885
151713526,2025-08-31 15:12:00,1053,"Clerkenwell Green, Clerkenwell",2025-08-31 15:30:00,2679,"George Row, Bermondsey",53417,CLASSIC,1078352,1053,2679,False,2025-08-31,2025,8,15,912,6,Sunday,True,False,False,Summer,17.972534,False,Weekend or holiday,3.693382477361746
151812473,2025-09-04 15:35:00,200068,"Somerset House, Strand",2025-09-04 15:57:00,3469,"Cadogan Place, Knightsbridge",55464,CLASSIC,1313481,200068,3469,False,2025-09-04,2025,9,15,935,3,Thursday,False,False,True,Autumn,21.89135,False,"Working day, off peak",3.278200055786348
151825802,2025-09-04 22:13:00,1160,"Craven Street, Strand",2025-09-04 22:23:00,2587,"Wormwood Street, Liverpool Street",52310,CLASSIC,632052,1160,2587,False,2025-09-04,2025,9,22,1333,3,Thursday,False,False,True,Autumn,10.5342,False,"Working day, off peak",3.1471528463853216
151826047,2025-09-04 22:33:00,1017,"Great Dover Street, The Borough",2025-09-04 22:44:00,1024,"Park Street, Bankside",55368,CLASSIC,646880,1017,1024,False,2025-09-04,2025,9,22,1353,3,Thursday,False,False,True,Autumn,10.781333,False,"Working day, off peak",0.9824421286995159
151860907,2025-09-06 11:16:00,2637,"Bermondsey Street, Bermondsey",2025-09-06 11:51:00,1199,"The Tennis Courts, The Regent's Park",56756,CLASSIC,2123926,2637,1199,False,2025-09-06,2025,9,11,676,5,Saturday,True,False,False,Autumn,35.398766,False,Weekend or holiday,5.838245991043484
151862437,2025-09-06 12:00:00,300206,"Saltoun Road, Brixton",2025-09-06 12:33:00,988,"Great Russell Street, Bloomsbury",53895,CLASSIC,1936940,300206,988,False,2025-09-06,2025,9,12,720,5,Saturday,True,False,False,Autumn,32.282333,False,Weekend or holiday,6.451272063714891
151878717,2025-09-06 20:27:00,1023,"River Street , Clerkenwell",2025-09-06 20:44:00,200202,"Storey's Gate, Westminster",60304,PBSC_EBIKE,1003558,1023,200202,False,2025-09-06,2025,9,20,1227,5,Saturday,True,False,False,Autumn,16.725967,False,Weekend or holiday,3.44649557636786
151902126,2025-09-07 17:55:00,1216,"Swan Street, The Borough",2025-09-07 18:38:00,200098,"Aintree Street, Fulham",50002,CLASSIC,2618668,1216,200098,False,2025-09-07,2025,9,17,1075,6,Sunday,True,False,False,Autumn,43.644466,False,Weekend or holiday,8.393324356779098
151903652,2025-09-07 18:39:00,2694,"Clapham Common Station, Clapham Common",2025-09-07 19:16:00,1011,"Argyle Street, Kings Cross",54174,CLASSIC,2210858,2694,1011,False,2025-09-07,2025,9,18,1119,6,Sunday,True,False,False,Autumn,36.847633,False,Weekend or holiday,7.637942231476355
151904750,2025-09-07 19:14:00,22174,"Granby Street, Shoreditch",2025-09-07 19:20:00,22173,"Old Ford Road, Bethnal Green",30697,CLASSIC,363921,22174,22173,False,2025-09-07,2025,9,19,1154,6,Sunday,True,False,False,Autumn,6.06535,False,Weekend or holiday,1.6090461729444168
151913848,2025-09-08 07:54:00,1072,"Waterloo Station 3, Waterloo",2025-09-08 08:15:00,300241,"Handyside Street, King's Cross",58130,CLASSIC,1283595,1072,300241,False,2025-09-08,2025,9,7,474,0,Monday,False,False,True,Autumn,21.39325,True,Morning peak,3.810647093769522
151919889,2025-09-08 09:16:00,3429,"Abbey Orchard Street, Westminster",2025-09-08 09:33:00,1142,"Tooley Street, Bermondsey",64007,PBSC_EBIKE,1043087,3429,1142,False,2025-09-08,2025,9,9,556,0,Monday,False,False,True,Autumn,17.384783,True,Morning peak,3.681474962232371
151958179,2025-09-09 08:09:00,1051,"Shoreditch Park, Hoxton",2025-09-09 09:05:00,1094,"Wright's Lane, Kensington",60438,PBSC_EBIKE,3353569,1051,1094,False,2025-09-09,2025,9,8,489,1,Tuesday,False,False,True,Autumn,55.89282,True,Morning peak,8.276119259563572
151974748,2025-09-09 15:02:00,300207,"Gauden Road, Clapham",2025-09-09 15:36:00,200248,"Pitfield Street Central, Hoxton",64000,PBSC_EBIKE,2006929,300207,200248,False,2025-09-09,2025,9,15,902,1,Tuesday,False,False,True,Autumn,33.44882,False,"Working day, off peak",8.168833810582871
151975027,2025-09-09 15:10:00,1164,"Portland Place, Marylebone",2025-09-09 15:26:00,1139,"Carey Street, Holborn",90862,CLASSIC,980164,1164,1139,False,2025-09-09,2025,9,15,910,1,Tuesday,False,False,True,Autumn,16.336067,False,"Working day, off peak",2.333749409965092
151978390,2025-09-09 16:29:00,200166,"Southerton Road, Hammersmith",2025-09-09 17:23:00,1086,"Baker Street, Marylebone",30392,CLASSIC,3265058,200166,1086,False,2025-09-09,2025,9,16,989,1,Tuesday,False,False,True,Autumn,54.417633,False,"Working day, off peak",5.67596052680615
151993135,2025-09-09 19:36:00,1162,"Dorset Square, Marylebone",2025-09-09 19:46:00,3423,"Maida Vale, Maida Vale",57816,CLASSIC,593917,1162,3423,False,2025-09-09,2025,9,19,1176,1,Tuesday,False,False,True,Autumn,9.898617,True,Evening peak,1.7457061832436727
152015570,2025-09-10 12:22:00,200201,"Battersea Church Road, Battersea",2025-09-10 12:34:00,200189,"Phene Street, Chelsea",55663,CLASSIC,727561,200201,200189,False,2025-09-10,2025,9,12,742,2,Wednesday,False,False,True,Autumn,12.126017,False,"Working day, off peak",0.9967058517487646
152034379,2025-09-10 20:29:00,1146,"Tysoe Street, Clerkenwell",2025-09-10 20:39:00,200157,"Fournier Street, Whitechapel",55744,CLASSIC,603841,1146,200157,False,2025-09-10,2025,9,20,1229,2,Wednesday,False,False,True,Autumn,10.064016,False,"Working day, off peak",2.534781977705155
152044540,2025-09-11 08:20:00,300206,"Saltoun Road, Brixton",2025-09-11 08:57:00,200136,"BBC White City, White City",60435,PBSC_EBIKE,2215018,300206,200136,False,2025-09-11,2025,9,8,500,3,Thursday,False,False,True,Autumn,36.916965,True,Morning peak,9.757826173451807
152049539,2025-09-11 09:24:00,1110,"Palace Gate, Kensington Gardens",2025-09-11 09:47:00,1157,"Black Lion Gate, Kensington Gardens",58384,CLASSIC,1386068,1110,1157,False,2025-09-11,2025,9,9,564,3,Thursday,False,False,True,Autumn,23.101133,True,Morning peak,0.9065210000113392
152050882,2025-09-11 09:56:00,300239,"Victory Place, Walworth",2025-09-11 10:14:00,1155,"Regency Street, Westminster",58854,CLASSIC,1091035,300239,,,2025-09-11,2025,9,9,596,3,Thursday,False,False,True,Autumn,18.183916,True,Morning peak,
152051288,2025-09-11 10:08:00,200004,"Lightermans Road, Millwall",2025-09-11 11:08:00,1155,"Regency Street, Westminster",58993,CLASSIC,3606536,200004,,,2025-09-11,2025,9,10,608,3,Thursday,False,False,True,Autumn,60.108932,False,"Working day, off peak",
152051801,2025-09-11 10:25:00,991,"Crosswall, Tower",2025-09-11 10:56:00,2691,"Howland Street, Fitzrovia",53715,CLASSIC,1879385,991,2691,False,2025-09-11,2025,9,10,625,3,Thursday,False,False,True,Autumn,31.323084,False,"Working day, off peak",4.408568508842416
152054091,2025-09-11 11:57:00,300240,"Lincoln's Inn Fields, Holborn",2025-09-11 12:02:00,1072,"Waterloo Station 3, Waterloo",62219,PBSC_EBIKE,338359,300240,1072,False,2025-09-11,2025,9,11,717,3,Thursday,False,False,True,Autumn,5.6393166,False,"Working day, off peak",1.438662677829976
152060270,2025-09-11 15:46:00,200135,"Selby Street, Whitechapel",2025-09-11 15:56:00,200072,"Houndsditch, Aldgate",52382,CLASSIC,597842,200135,200072,False,2025-09-11,2025,9,15,946,3,Thursday,False,False,True,Autumn,9.964033,False,"Working day, off peak",1.26414381512382
152067923,2025-09-11 17:56:00,200102,"Harford Street, Mile End",2025-09-11 18:41:00,1067,"St. James's Square, St. James's",57216,CLASSIC,2693297,200102,1067,False,2025-09-11,2025,9,17,1076,3,Thursday,False,False,True,Autumn,44.888283,True,Evening peak,6.783292819670416
152078916,2025-09-11 21:53:00,1090,"Warren Street Station, Euston",2025-09-11 21:57:00,1038,"Harrington Square 1, Camden Town",59696,CLASSIC,246769,1090,1038,False,2025-09-11,2025,9,21,1313,3,Thursday,False,False,True,Autumn,4.112817,False,"Working day, off peak",0.9575031009773585
152092128,2025-09-12 11:49:00,200042,"York Hall, Bethnal Green",2025-09-12 11:59:00,997,"Worship Street, Shoreditch",51355,CLASSIC,545083,200042,997,False,2025-09-12,2025,9,11,709,4,Friday,False,False,True,Autumn,9.084717,False,"Working day, off peak",1.8288362166911138
152102611,2025-09-12 18:20:00,300247,"Cranmer Road, Stockwell",2025-09-12 18:44:00,1064,"Old Street Station, St. Luke's",62745,PBSC_EBIKE,1476184,300247,1064,False,2025-09-12,2025,9,18,1100,4,Friday,False,False,True,Autumn,24.603067,True,Evening peak,5.357217958974496
152105560,2025-09-12 20:07:00,1092,"Moorfields, Moorgate",2025-09-12 20:11:00,1064,"Old Street Station, St. Luke's",52480,CLASSIC,248817,1092,1064,False,2025-09-12,2025,9,20,1207,4,Friday,False,False,True,Autumn,4.14695,False,"Working day, off peak",0.7280825691591771
152123463,2025-09-13 17:00:00,3500,"Baldwin Street, St. Luke's",2025-09-13 17:18:00,300059,"The Blue, Bermondsey",57617,CLASSIC,1085770,3500,300059,False,2025-09-13,2025,9,17,1020,5,Saturday,True,False,False,Autumn,18.096167,False,Weekend or holiday,4.268724941557729
152152126,2025-09-15 08:38:00,200240,"Ferndale Road, Brixton",2025-09-15 08:59:00,300005,"Ethelburga Estate, Battersea Park",53667,CLASSIC,1249173,200240,300005,False,2025-09-15,2025,9,8,518,0,Monday,False,False,True,Autumn,20.81955,True,Morning peak,3.7013168251201076
152166589,2025-09-15 18:09:00,1031,"Nesham Street, Wapping",2025-09-15 18:13:00,200034,"Wapping Lane, Wapping",56573,CLASSIC,232738,1031,200034,False,2025-09-15,2025,9,18,1089,0,Monday,False,False,True,Autumn,3.8789666,True,Evening peak,0.7002585379485419
152173075,2025-09-15 22:05:00,1031,"Nesham Street, Wapping",2025-09-15 22:17:00,200250,"Cleveland Way, Stepney",52696,CLASSIC,682437,1031,200250,False,2025-09-15,2025,9,22,1325,0,Monday,False,False,True,Autumn,11.37395,False,"Working day, off peak",1.869366113172098
152178618,2025-09-16 08:16:00,2670,"Paddington Green, Paddington",2025-09-16 08:28:00,200118,"Albert Street, Camden Town",64059,PBSC_EBIKE,735187,2670,200118,False,2025-09-16,2025,9,8,496,1,Tuesday,False,False,True,Autumn,12.253117,True,Morning peak,2.8344903473001155
152184062,2025-09-16 09:59:00,2677,"Natural History Museum, South Kensington",2025-09-16 10:02:00,1172,"Queen's Gate (South), South Kensington",31031,CLASSIC,175024,2677,1172,False,2025-09-16,2025,9,9,599,1,Tuesday,False,False,True,Autumn,2.9170666,True,Morning peak,0.34900917651072416
152190516,2025-09-16 15:24:00,300083,"Duke Street Hill, London Bridge",2025-09-16 15:31:00,1015,"New Globe Walk, Bankside",62222,PBSC_EBIKE,395103,300083,1015,False,2025-09-16,2025,9,15,924,1,Tuesday,False,False,True,Autumn,6.58505,False,"Working day, off peak",0.6464829950157105
152212198,2025-09-17 08:50:00,991,"Crosswall, Tower",2025-09-17 09:09:00,3504,"Moor Street, Soho",54583,CLASSIC,1112379,991,3504,False,2025-09-17,2025,9,8,530,2,Wednesday,False,False,True,Autumn,18.53965,True,Morning peak,3.6732064574723746
152223827,2025-09-17 17:11:00,992,"St. John Street, Finsbury",2025-09-17 17:23:00,1072,"Waterloo Station 3, Waterloo",62016,PBSC_EBIKE,757465,992,1072,False,2025-09-17,2025,9,17,1031,2,Wednesday,False,False,True,Autumn,12.624416,True,Evening peak,2.7888505683165894
152225063,2025-09-17 17:33:00,960,"Hop Exchange, The Borough",2025-09-17 17:38:00,3448,"Webber Street , Southwark",51820,CLASSIC,279859,960,3448,False,2025-09-17,2025,9,17,1053,2,Wednesday,False,False,True,Autumn,4.6643167,True,Evening peak,0.8374966179025515
152233096,2025-09-17 20:53:00,300249,"Westminster Pier, Westminster",2025-09-17 21:23:00,200073,"Cephas Street, Bethnal Green",23147,CLASSIC,1789231,300249,200073,False,2025-09-17,2025,9,20,1253,2,Wednesday,False,False,True,Autumn,29.820517,False,"Working day, off peak",5.3139564701594155
152269485,2025-09-19 07:28:00,300242,"Allington Street, Victoria",2025-09-19 07:43:00,1035,"Boston Place, Marylebone",41038,CLASSIC,900327,300242,1035,False,2025-09-19,2025,9,7,448,4,Friday,False,False,True,Autumn,15.00545,True,Morning peak,3.150823679887498
152353555,2025-09-22 09:08:00,22178,"Lindfield Street, Poplar",2025-09-22 09:19:00,200127,"East India DLR, Blackwall",21303,CLASSIC,694444,22178,200127,False,2025-09-22,2025,9,9,548,0,Monday,False,False,True,Autumn,11.574067,True,Morning peak,1.3460075913294332
152368129,2025-09-22 18:05:00,1098,"Lower Thames Street, Monument",2025-09-22 18:25:00,300235,"York Way, Kings Cross",60321,PBSC_EBIKE,1190516,1098,300235,False,2025-09-22,2025,9,18,1085,0,Monday,False,False,True,Autumn,19.841934,True,Evening peak,4.552906510765983
152413492,2025-09-24 08:35:00,300092,"Hertford Road, De Beauvoir Town",2025-09-24 08:41:00,1029,"Windsor Terrace, Hoxton",30277,CLASSIC,397730,300092,1029,False,2025-09-24,2025,9,8,515,2,Wednesday,False,False,True,Autumn,6.6288333,True,Morning peak,1.3354025865416306
152415746,2025-09-24 09:09:00,200128,"Queen Street 2, Bank",2025-09-24 09:15:00,1092,"Moorfields, Moorgate",63516,PBSC_EBIKE,317904,200128,1092,False,2025-09-24,2025,9,9,549,2,Wednesday,False,False,True,Autumn,5.2984,True,Morning peak,0.9302969083278214
152423574,2025-09-24 14:54:00,3491,"Princes Square, Bayswater",2025-09-24 15:15:00,1164,"Portland Place, Marylebone",56250,CLASSIC,1258596,3491,1164,False,2025-09-24,2025,9,14,894,2,Wednesday,False,False,True,Autumn,20.9766,False,"Working day, off peak",3.292189825965899
152437565,2025-09-24 20:31:00,1020,"Leonard Circus , Shoreditch",2025-09-24 20:34:00,1092,"Moorfields, Moorgate",63101,PBSC_EBIKE,189982,1020,1092,False,2025-09-24,2025,9,20,1231,2,Wednesday,False,False,True,Autumn,3.1663666,False,"Working day, off peak",0.6799256258027896
152439308,2025-09-24 22:11:00,200036,"Bell Lane, Liverpool Street",2025-09-24 22:42:00,2639,"King Edward Walk, Waterloo",30412,CLASSIC,1843115,200036,2639,False,2025-09-24,2025,9,22,1331,2,Wednesday,False,False,True,Autumn,30.718584,False,"Working day, off peak",7.434438744881203
152441378,2025-09-25 06:49:00,200158,"Whiston Road, Haggerston",2025-09-25 07:24:00,200166,"Southerton Road, Hammersmith",62263,PBSC_EBIKE,2107181,200158,200166,False,2025-09-25,2025,9,6,409,3,Thursday,False,False,True,Autumn,35.119682,True,Morning peak,11.40865789435609
152477544,2025-09-26 08:31:00,3490,"Southwick Street, Paddington",2025-09-26 08:48:00,200203,"King Edward Street, St Pauls",52105,CLASSIC,1034612,3490,200203,False,2025-09-26,2025,9,8,511,4,Friday,False,False,True,Autumn,17.243534,True,Morning peak,4.8955654146578444
152483337,2025-09-26 12:08:00,200159,"Goldsmith's Row, Haggerston",2025-09-26 12:34:00,1071,"Tower Gardens , Tower",64058,PBSC_EBIKE,1522121,200159,1071,False,2025-09-26,2025,9,12,728,4,Friday,False,False,True,Autumn,25.368683,False,"Working day, off peak",2.570180373323021
152499402,2025-09-26 21:04:00,1077,"Royal London Hospital, Whitechapel",2025-09-26 21:23:00,22178,"Lindfield Street, Poplar",59777,CLASSIC,1142612,1077,22178,False,2025-09-26,2025,9,21,1264,4,Friday,False,False,True,Autumn,19.043533,False,"Working day, off peak",2.865001195070206
152512992,2025-09-27 14:00:00,200025,"London Fields, Hackney Central",2025-09-27 14:13:00,300039,"Wendon Street, Old Ford",50087,CLASSIC,799870,200025,300039,False,2025-09-27,2025,9,14,840,5,Saturday,True,False,False,Autumn,13.331166,False,Weekend or holiday,2.3238754464109554
152545082,2025-09-28 21:06:00,1180,"Bourne Street, Belgravia",2025-09-28 21:26:00,200142,"Hammersmith Road, Hammersmith",63320,PBSC_EBIKE,1167771,1180,200142,False,2025-09-28,2025,9,21,1266,6,Sunday,True,False,False,Autumn,19.46285,False,Weekend or holiday,4.619192591057955
152550765,2025-09-29 08:26:00,3423,"Maida Vale, Maida Vale",2025-09-29 08:51:00,1052,"Soho Square , Soho",50365,CLASSIC,1517041,3423,1052,False,2025-09-29,2025,9,8,506,0,Monday,False,False,True,Autumn,25.284018,True,Morning peak,3.876818736150819
152570671,2025-09-29 18:40:00,200077,"Vicarage Crescent, Battersea",2025-09-29 18:49:00,200183,"Battersea Park Road, Nine Elms",57819,CLASSIC,523279,200077,200183,False,2025-09-29,2025,9,18,1120,0,Monday,False,False,True,Autumn,8.721316,True,Evening peak,2.5001390902127976
152594083,2025-09-30 14:53:00,971,"Godliman Street, St. Paul's",2025-09-30 15:17:00,1025,"Bolsover Street, Fitzrovia",60339,PBSC_EBIKE,1438125,971,1025,False,2025-09-30,2025,9,14,893,1,Tuesday,False,False,True,Autumn,23.96875,False,"Working day, off peak",3.3127386418776514
152641308,2025-10-01 19:55:00,300212,"Birkenhead Street, King's Cross",2025-10-01 20:24:00,22172,"Bromley High Street, Bow",51865,CLASSIC,1779214,300212,22172,False,2025-10-01,2025,10,19,1195,2,Wednesday,False,False,True,Autumn,29.653566,True,Evening peak,7.5445200350369115
152645573,2025-10-02 05:12:00,300076,"Lots Road, West Chelsea",2025-10-02 05:17:00,300086,"Fulham Broadway, Walham Green",58883,CLASSIC,261101,300076,300086,False,2025-10-02,2025,10,5,312,3,Thursday,False,False,True,Autumn,4.351683,True,Morning peak,1.044932633294111
152650622,2025-10-02 08:29:00,973,"Bethnal Green Road, Shoreditch",2025-10-02 08:34:00,1064,"Old Street Station, St. Luke's",57653,CLASSIC,306374,973,1064,False,2025-10-02,2025,10,8,509,3,Thursday,False,False,True,Autumn,5.106233,True,Morning peak,0.9779757973600192
152659885,2025-10-02 13:39:00,22179,"Exhibition Road, Knightsbridge",2025-10-02 14:14:00,200141444,"Westfield Ariel Way, White City_OLD",56231,CLASSIC,2082958,22179,200141,False,2025-10-02,2025,10,13,819,3,Thursday,False,False,True,Autumn,34.715965,False,"Working day, off peak",3.5800954478816873
152695193,2025-10-03 18:50:00,1116,"Emperor's Gate, South Kensington",2025-10-03 19:05:00,200166,"Southerton Road, Hammersmith",63331,PBSC_EBIKE,876648,1116,200166,False,2025-10-03,2025,10,18,1130,4,Friday,False,False,True,Autumn,14.6108,True,Evening peak,2.9708847761345023
152695663,2025-10-03 19:06:00,3500,"Baldwin Street, St. Luke's",2025-10-03 19:15:00,992,"St. John Street, Finsbury",57025,CLASSIC,546629,3500,992,False,2025-10-03,2025,10,19,1146,4,Friday,False,False,True,Autumn,9.110483,True,Evening peak,1.1292443676102906
152715408,2025-10-04 17:50:00,1009,"Taviton Street, Bloomsbury",2025-10-04 17:57:00,3425,"Northington Street , Holborn",59577,CLASSIC,465002,1009,3425,False,2025-10-04,2025,10,17,1070,5,Saturday,True,False,False,Autumn,7.7500334,False,Weekend or holiday,1.221738342149977
152728342,2025-10-05 12:37:00,2667,"Tower Wharf, Bermondsey",2025-10-05 12:43:00,2679,"George Row, Bermondsey",59951,CLASSIC,395389,2667,2679,False,2025-10-05,2025,10,12,757,6,Sunday,True,False,False,Autumn,6.5898166,False,Weekend or holiday,0.46913510858075375
152729324,2025-10-05 13:13:00,1000,"Vauxhall Cross, Vauxhall",2025-10-05 13:23:00,300063,"Burgess Park Albany Road, Walworth",54285,CLASSIC,567269,1000,300063,False,2025-10-05,2025,10,13,793,6,Sunday,True,False,False,Autumn,9.454483,False,Weekend or holiday,2.129764150120701
152771797,2025-10-06 20:42:00,1043,"Museum of London, Barbican",2025-10-06 20:56:00,300004,"Harris Academy, Bermondsey",53203,CLASSIC,819780,1043,300004,False,2025-10-06,2025,10,20,1242,0,Monday,False,False,True,Autumn,13.663,False,"Working day, off peak",3.2581432571662035
152777820,2025-10-07 08:03:00,3482,"Beaumont Street, Marylebone",2025-10-07 08:17:00,968,"Warwick Row, Westminster",56182,CLASSIC,850291,3482,968,False,2025-10-07,2025,10,8,483,1,Tuesday,False,False,True,Autumn,14.171516,True,Morning peak,2.732331810934442
152794874,2025-10-07 17:04:00,300250,"Temple Gardens, Temple",2025-10-07 17:33:00,200004,"Lightermans Road, Millwall",23335,CLASSIC,1740438,300250,200004,False,2025-10-07,2025,10,17,1024,1,Tuesday,False,False,True,Autumn,29.0073,True,Evening peak,6.2449139525115385
152801375,2025-10-07 18:42:00,3458,"Waterloo Place, St. James's",2025-10-07 19:06:00,960,"Hop Exchange, The Borough",63454,PBSC_EBIKE,1464258,3458,960,False,2025-10-07,2025,10,18,1122,1,Tuesday,False,False,True,Autumn,24.4043,True,Evening peak,2.777448037703985
152805017,2025-10-07 20:24:00,200190,"Queen's Circus, Battersea Park",2025-10-07 20:39:00,200188,"Neville Gill Close, Wandsworth",60327,PBSC_EBIKE,902545,200190,200188,False,2025-10-07,2025,10,20,1224,1,Tuesday,False,False,True,Autumn,15.042417,False,"Working day, off peak",4.057513935958414
152807772,2025-10-07 23:36:00,200214,"Woodstock Grove, Shepherd's Bush",2025-10-07 23:44:00,1214,"Kensington Olympia Station, Olympia",57831,CLASSIC,478651,200214,1214,False,2025-10-07,2025,10,23,1416,1,Tuesday,False,False,True,Autumn,7.9775167,False,"Working day, off peak",0.8527073984266927
152819402,2025-10-08 10:52:00,1045,"Jewry Street, Aldgate",2025-10-08 10:57:00,200157,"Fournier Street, Whitechapel",56427,CLASSIC,317237,1045,200157,False,2025-10-08,2025,10,10,652,2,Wednesday,False,False,True,Autumn,5.2872834,False,"Working day, off peak",0.6821461898842952
152821045,2025-10-08 12:12:00,988,"Great Russell Street, Bloomsbury",2025-10-08 12:30:00,960,"Hop Exchange, The Borough",56181,CLASSIC,1105357,988,960,False,2025-10-08,2025,10,12,732,2,Wednesday,False,False,True,Autumn,18.422617,False,"Working day, off peak",2.8907619537750926
152831523,2025-10-08 17:44:00,200054,"Jubilee Crescent, Cubitt Town",2025-10-08 17:51:00,200022,"Saunders Ness Road, Cubitt Town",58626,CLASSIC,410107,200054,200022,False,2025-10-08,2025,10,17,1064,2,Wednesday,False,False,True,Autumn,6.835117,True,Evening peak,0.7024912552570781
152839774,2025-10-08 21:15:00,979,"Wenlock Road , Hoxton",2025-10-08 21:27:00,300011,"Victoria Park Road, Hackney Central",62026,PBSC_EBIKE,721385,979,300011,False,2025-10-08,2025,10,21,1275,2,Wednesday,False,False,True,Autumn,12.023084,False,"Working day, off peak",2.814457405718228
152846966,2025-10-09 08:23:00,200020,"Shadwell Station, Shadwell",2025-10-09 08:33:00,2667,"Tower Wharf, Bermondsey",57007,CLASSIC,568524,200020,2667,False,2025-10-09,2025,10,8,503,3,Thursday,False,False,True,Autumn,9.4754,True,Morning peak,1.6648755551916243
152847478,2025-10-09 08:30:00,1144,"Poured Lines, Bankside",2025-10-09 08:46:00,972,"Hampstead Road, Euston",62509,PBSC_EBIKE,967148,1144,972,False,2025-10-09,2025,10,8,510,3,Thursday,False,False,True,Autumn,16.119133,True,Morning peak,3.2078449808625913
152848877,2025-10-09 08:45:00,200067,"Princedale Road , Holland Park",2025-10-09 09:02:00,3473,"Belgrave Square, Belgravia",56161,CLASSIC,987452,200067,3473,False,2025-10-09,2025,10,8,525,3,Thursday,False,False,True,Autumn,16.457533,True,Morning peak,3.966106467890422
152869096,2025-10-09 18:36:00,22163,"Southwark Station 2, Southwark",2025-10-09 19:29:00,991,"Crosswall, Tower",60617,PBSC_EBIKE,3142237,,991,,2025-10-09,2025,10,18,1116,3,Thursday,False,False,True,Autumn,52.370617,True,Evening peak,
152881327,2025-10-10 08:43:00,200183,"Battersea Park Road, Nine Elms",2025-10-10 08:57:00,1186,"Belvedere Road 1, South Bank",62070,PBSC_EBIKE,854915,200183,1186,False,2025-10-10,2025,10,8,523,4,Friday,False,False,True,Autumn,14.248584,True,Morning peak,3.505055437283356
152890990,2025-10-10 14:37:00,1028,"William IV Street, Strand",2025-10-10 14:51:00,1004,"Doric Way , Somers Town",58466,CLASSIC,832914,1028,1004,False,2025-10-10,2025,10,14,877,4,Friday,False,False,True,Autumn,13.8819,False,"Working day, off peak",2.215602888519257
152899918,2025-10-10 18:30:00,1219,"Lower Marsh, Waterloo",2025-10-10 18:45:00,1069,"Eaton Square, Belgravia",50656,CLASSIC,905034,1219,1069,False,2025-10-10,2025,10,18,1110,4,Friday,False,False,True,Autumn,15.0839,True,Evening peak,2.5902060643414226
152914816,2025-10-11 12:31:00,1180,"Bourne Street, Belgravia",2025-10-11 12:40:00,1179,"Chelsea Green, Chelsea",41730,CLASSIC,546107,1180,1179,False,2025-10-11,2025,10,12,751,5,Saturday,True,False,False,Autumn,9.101784,False,Weekend or holiday,0.9180807821849604
152916725,2025-10-11 13:27:00,3428,"Pancras Road, King's Cross",2025-10-11 13:31:00,200058,"Northdown Street, King's Cross",23037,CLASSIC,279026,3428,200058,False,2025-10-11,2025,10,13,807,5,Saturday,True,False,False,Autumn,4.6504335,False,Weekend or holiday,0.7735771574589089
152953930,2025-10-12 19:32:00,1173,"Gloucester Terrace, Bayswater",2025-10-12 19:49:00,1085,"Old Quebec Street, Marylebone",51325,CLASSIC,1032464,1173,1085,False,2025-10-12,2025,10,19,1172,6,Sunday,True,False,False,Autumn,17.207733,False,Weekend or holiday,2.0975678393972044
152959711,2025-10-13 08:02:00,2585,"Orsett Terrace, Bayswater",2025-10-13 08:22:00,200136,"BBC White City, White City",52615,CLASSIC,1217816,2585,200136,False,2025-10-13,2025,10,8,482,0,Monday,False,False,True,Autumn,20.296934,True,Morning peak,2.932256500763269
152967396,2025-10-13 11:44:00,300216,"Gas Holders, Battersea Park",2025-10-13 12:41:00,965,"Tachbrook Street, Victoria",61195,PBSC_EBIKE,3455025,300216,965,False,2025-10-13,2025,10,11,704,0,Monday,False,False,True,Autumn,57.58375,False,"Working day, off peak",1.704682112858405
152982246,2025-10-13 19:15:00,1052,"Soho Square , Soho",2025-10-13 19:31:00,10625,"Penfold Street, Marylebone",40916,CLASSIC,967224,1052,10625,False,2025-10-13,2025,10,19,1155,0,Monday,False,False,True,Autumn,16.1204,True,Evening peak,2.8400629090659217
152996223,2025-10-14 09:33:00,1029,"Windsor Terrace, Hoxton",2025-10-14 10:02:00,1007,"Drury Lane, Covent Garden",50627,CLASSIC,1724514,1029,1007,False,2025-10-14,2025,10,9,573,1,Tuesday,False,False,True,Autumn,28.7419,True,Morning peak,2.5550004947854297
153004205,2025-10-14 15:42:00,1086,"Baker Street, Marylebone",2025-10-14 15:59:00,3486,"St. Luke's Church, Chelsea",51449,CLASSIC,991515,1086,3486,False,2025-10-14,2025,10,15,942,1,Tuesday,False,False,True,Autumn,16.52525,False,"Working day, off peak",3.3886355713927574
153005027,2025-10-14 16:11:00,1174,"Alderney Street, Pimlico",2025-10-14 16:24:00,1177,"Seville Street, Knightsbridge",53512,CLASSIC,791167,1174,1177,False,2025-10-14,2025,10,16,971,1,Tuesday,False,False,True,Autumn,13.186116,False,"Working day, off peak",1.9983774783845363
153012831,2025-10-14 18:34:00,1100,"Strand, Strand",2025-10-14 19:20:00,200172,"Lansdowne Road, Ladbroke Grove",57862,CLASSIC,2771370,1100,200172,False,2025-10-14,2025,10,18,1114,1,Tuesday,False,False,True,Autumn,46.1895,True,Evening peak,6.287188377325739
153028708,2025-10-15 09:39:00,300009,"World's End Place, West Chelsea",2025-10-15 09:50:00,1231,"Queen's Gate, Kensington Gardens",50917,CLASSIC,657063,300009,1231,False,2025-10-15,2025,10,9,579,2,Wednesday,False,False,True,Autumn,10.95105,True,Morning peak,2.214081939507066
153102089,2025-10-17 17:21:00,200128,"Queen Street 2, Bank",2025-10-17 17:57:00,1165,"Riverlight North, Nine Elms",55822,CLASSIC,2145271,200128,1165,False,2025-10-17,2025,10,17,1041,4,Friday,False,False,True,Autumn,35.754517,True,Evening peak,4.382435253216355
153115974,2025-10-18 10:24:00,200110,"Bishop's Bridge Road West, Bayswater",2025-10-18 10:37:00,1085,"Old Quebec Street, Marylebone",58001,CLASSIC,780147,200110,1085,False,2025-10-18,2025,10,10,624,5,Saturday,True,False,False,Autumn,13.00245,False,Weekend or holiday,1.9941564406479484
153144235,2025-10-19 13:01:00,200064,"Regent's Row , Haggerston",2025-10-19 13:21:00,200014,"Gunmakers Lane, Old Ford",54766,CLASSIC,1229548,200064,200014,False,2025-10-19,2025,10,13,781,6,Sunday,True,False,False,Autumn,20.492466,False,Weekend or holiday,2.0180773313693896
153151654,2025-10-20 01:52:00,1009,"Taviton Street, Bloomsbury",2025-10-20 02:23:00,1009,"Taviton Street, Bloomsbury",35696,CLASSIC,1852681,1009,1009,True,2025-10-20,2025,10,1,112,0,Monday,False,False,True,Autumn,30.878017,False,"Working day, off peak",0.0
153162532,2025-10-20 17:19:00,200101,"Monument Street, Monument",2025-10-20 17:38:00,300247,"Cranmer Road, Stockwell",56100,CLASSIC,1145521,200101,300247,False,2025-10-20,2025,10,17,1039,0,Monday,False,False,True,Autumn,19.092016,True,Evening peak,3.8108649810073243
153163788,2025-10-20 17:44:00,200142,"Hammersmith Road, Hammersmith",2025-10-20 17:59:00,22179,"Exhibition Road, Knightsbridge",55248,CLASSIC,889702,200142,22179,False,2025-10-20,2025,10,17,1064,0,Monday,False,False,True,Autumn,14.828366,True,Evening peak,3.2216531340892067
153208231,2025-10-22 08:37:00,1147,"Clifton Road, Maida Vale",2025-10-22 08:55:00,3428,"Pancras Road, King's Cross",51324,CLASSIC,1062508,1147,3428,False,2025-10-22,2025,10,8,517,2,Wednesday,False,False,True,Autumn,17.708467,True,Morning peak,3.600723747643247
153230294,2025-10-22 19:17:00,1177,"Seville Street, Knightsbridge",2025-10-22 19:26:00,1229,"High Holborn , Covent Garden",63228,PBSC_EBIKE,568361,1177,1229,False,2025-10-22,2025,10,19,1157,2,Wednesday,False,False,True,Autumn,9.472683,True,Evening peak,2.9112777503204246
153232206,2025-10-22 20:59:00,300021,"Podium, Queen Elizabeth Olympic Park",2025-10-22 21:24:00,22177,"Christian Street, Whitechapel",62530,PBSC_EBIKE,1473432,300021,22177,False,2025-10-22,2025,10,20,1259,2,Wednesday,False,False,True,Autumn,24.5572,False,"Working day, off peak",4.601588107627991
153269805,2025-10-24 14:26:00,1231,"Queen's Gate, Kensington Gardens",2025-10-24 14:53:00,1096,"Bayswater Road, Hyde Park",55848,CLASSIC,1612268,1231,1096,False,2025-10-24,2025,10,14,866,4,Friday,False,False,True,Autumn,26.871134,False,"Working day, off peak",1.1970121321370275
153285901,2025-10-25 08:29:00,3467,"Dock Street, Wapping",2025-10-25 08:32:00,200034,"Wapping Lane, Wapping",53732,CLASSIC,194775,3467,200034,False,2025-10-25,2025,10,8,509,5,Saturday,True,False,False,Autumn,3.24625,False,Weekend or holiday,0.9239185284275546
153308083,2025-10-26 07:16:00,3454,"Denyer Street, Knightsbridge",2025-10-26 07:24:00,300216,"Gas Holders, Battersea Park",52164,CLASSIC,507913,3454,300216,False,2025-10-26,2025,10,7,436,6,Sunday,True,False,False,Autumn,8.465217,False,Weekend or holiday,2.107415731834914
153335468,2025-10-27 11:41:00,1174,"Alderney Street, Pimlico",2025-10-27 11:54:00,300009,"World's End Place, West Chelsea",56789,CLASSIC,780954,1174,300009,False,2025-10-27,2025,10,11,701,0,Monday,False,False,True,Autumn,13.0159,False,"Working day, off peak",2.8242937213406627
153337570,2025-10-27 13:28:00,200001,"Limerston Street, West Chelsea",2025-10-27 13:38:00,200237,"Parson's Green , Parson's Green",51586,CLASSIC,591722,200001,200237,False,2025-10-27,2025,10,13,808,0,Monday,False,False,True,Autumn,9.862033,False,"Working day, off peak",1.9168220317836682
153352866,2025-10-27 23:28:00,1133,"Baylis Road, Waterloo",2025-10-27 23:46:00,200250,"Cleveland Way, Stepney",53940,CLASSIC,1088561,1133,200250,False,2025-10-27,2025,10,23,1408,0,Monday,False,False,True,Autumn,18.142683,False,"Working day, off peak",4.639042775314829
153358226,2025-10-28 08:34:00,1167,"South Wharf Road, Paddington",2025-10-28 08:43:00,1042,"Woodstock Street, Mayfair",62012,PBSC_EBIKE,559869,1167,1042,False,2025-10-28,2025,10,8,514,1,Tuesday,False,False,True,Autumn,9.33115,True,Morning peak,2.005153835080592
153367976,2025-10-28 14:29:00,200222,"Danvers Street, West Chelsea",2025-10-28 15:55:00,200222,"Danvers Street, West Chelsea",35847,CLASSIC,5217315,200222,200222,True,2025-10-28,2025,10,14,869,1,Tuesday,False,False,True,Autumn,86.95525,False,"Working day, off peak",0.0
153369063,2025-10-28 15:21:00,200239,"Old Montague Street, Whitechapel",2025-10-28 15:38:00,1100,"Strand, Strand",53743,CLASSIC,1018978,200239,1100,False,2025-10-28,2025,10,15,921,1,Tuesday,False,False,True,Autumn,16.982967,False,"Working day, off peak",3.3143615016981642
153410160,2025-10-30 07:28:00,200126,"Usk Road, Clapham Junction",2025-10-30 07:54:00,960,"Hop Exchange, The Borough",63094,PBSC_EBIKE,1561277,200126,960,False,2025-10-30,2025,10,7,448,3,Thursday,False,False,True,Autumn,26.021284,True,Morning peak,7.750347864800772
153423675,2025-10-30 14:49:00,1080,"Great Tower Street, Monument",2025-10-30 15:03:00,1064,"Old Street Station, St. Luke's",64125,PBSC_EBIKE,850941,1080,1064,False,2025-10-30,2025,10,14,889,3,Thursday,False,False,True,Autumn,14.18235,False,"Working day, off peak",1.7256519800279475
153430331,2025-10-30 18:02:00,1077,"Royal London Hospital, Whitechapel",2025-10-30 18:09:00,200012,"Stepney Green Station, Stepney",53800,CLASSIC,415275,1077,200012,False,2025-10-30,2025,10,18,1082,3,Thursday,False,False,True,Autumn,6.92125,True,Evening peak,1.0610933108217617
153462932,2025-11-01 09:35:00,300063,"Burgess Park Albany Road, Walworth",2025-11-01 09:49:00,2637,"Bermondsey Street, Bermondsey",59659,CLASSIC,849668,300063,2637,False,2025-11-01,2025,11,9,575,5,Saturday,True,False,False,Autumn,14.161134,False,Weekend or holiday,1.945508425920865
153488153,2025-11-02 13:32:00,200043,"Bishop's Avenue, Fulham",2025-11-02 13:55:00,200166,"Southerton Road, Hammersmith",59318,CLASSIC,1370556,200043,200166,False,2025-11-02,2025,11,13,812,6,Sunday,True,False,False,Autumn,22.8426,False,Weekend or holiday,2.561588786359626
153506573,2025-11-03 09:45:00,2692,"Waterloo Station 2, Waterloo",2025-11-03 09:58:00,1090,"Warren Street Station, Euston",63209,PBSC_EBIKE,791254,2692,1090,False,2025-11-03,2025,11,9,585,0,Monday,False,False,True,Autumn,13.187567,True,Morning peak,2.846382461669626
153508119,2025-11-03 11:14:00,1199,"The Tennis Courts, The Regent's Park",2025-11-03 11:25:00,200016,"Castlehaven Road, Camden Town",58556,CLASSIC,626043,1199,200016,False,2025-11-03,2025,11,11,674,0,Monday,False,False,True,Autumn,10.43405,False,"Working day, off peak",1.9465990935445567
153512115,2025-11-03 15:10:00,1161,"Brushfield Street, Liverpool Street",2025-11-03 15:18:00,200156,"Pott Street, Bethnal Green",51076,CLASSIC,522624,1161,200156,False,2025-11-03,2025,11,15,910,0,Monday,False,False,True,Autumn,8.7104,False,"Working day, off peak",1.7322139360277258
153564189,2025-11-05 09:24:00,200176,"Sheepcote Lane, Battersea",2025-11-05 09:27:00,300014,"Falcon Road, Clapham Junction",53290,CLASSIC,215701,200176,300014,False,2025-11-05,2025,11,9,564,2,Wednesday,False,False,True,Autumn,3.5950167,True,Morning peak,0.6396121810969122
153574833,2025-11-05 17:06:00,1006,"Percy Street, Bloomsbury",2025-11-05 17:21:00,2680,"Harrowby Street, Marylebone",35645,CLASSIC,930391,1006,2680,False,2025-11-05,2025,11,17,1026,2,Wednesday,False,False,True,Autumn,15.506516,True,Evening peak,2.1862081888800335
153576921,2025-11-05 17:44:00,2677,"Natural History Museum, South Kensington",2025-11-05 18:05:00,200175,"Wandsworth Rd, Isley Court, Wandsworth Road",51600,CLASSIC,1262365,2677,200175,False,2025-11-05,2025,11,17,1064,2,Wednesday,False,False,True,Autumn,21.039417,True,Evening peak,3.902909392204192
153585100,2025-11-05 22:10:00,300086,"Fulham Broadway, Walham Green",2025-11-05 22:50:00,1155,"Regency Street, Westminster",54857,CLASSIC,2443824,300086,,,2025-11-05,2025,11,22,1330,2,Wednesday,False,False,True,Autumn,40.7304,False,"Working day, off peak",
153591130,2025-11-06 08:24:00,1212,"Concert Hall Approach, South Bank",2025-11-06 08:35:00,984,"Finsbury Circus, Liverpool Street",64174,PBSC_EBIKE,665629,1212,984,False,2025-11-06,2025,11,8,504,3,Thursday,False,False,True,Autumn,11.093817,True,Morning peak,2.394127822443851
153631407,2025-11-07 15:31:00,1003,"Chapel Place, Marylebone",2025-11-07 15:40:00,1028,"William IV Street, Strand",55439,CLASSIC,570338,1003,1028,False,2025-11-07,2025,11,15,931,4,Friday,False,False,True,Autumn,9.505633,False,"Working day, off peak",1.6843460027351491
153635804,2025-11-07 17:49:00,1066,"Calshot Street , King's Cross",2025-11-07 18:05:00,3490,"Southwick Street, Paddington",56529,CLASSIC,967494,1066,3490,False,2025-11-07,2025,11,17,1069,4,Friday,False,False,True,Autumn,16.1249,True,Evening peak,3.9959277992804156
153638155,2025-11-07 18:52:00,1225,"George Street, Marylebone",2025-11-07 18:56:00,1112,"Nutford Place, Marylebone",63483,PBSC_EBIKE,220149,1225,1112,False,2025-11-07,2025,11,18,1132,4,Friday,False,False,True,Autumn,3.66915,True,Evening peak,0.7239170993105469
153645958,2025-11-08 09:49:00,1010,"Cartwright Gardens , Bloomsbury",2025-11-08 09:58:00,978,"Russell Square Station, Bloomsbury",51063,CLASSIC,517420,1010,978,False,2025-11-08,2025,11,9,589,5,Saturday,True,False,False,Autumn,8.623667,False,Weekend or holiday,0.3511728397336816
153647071,2025-11-08 10:35:00,1231,"Queen's Gate, Kensington Gardens",2025-11-08 10:48:00,1075,"Hyde Park Corner, Hyde Park",55536,CLASSIC,822293,1231,1075,False,2025-11-08,2025,11,10,635,5,Saturday,True,False,False,Autumn,13.704884,False,Weekend or holiday,1.829409698960763
153656457,2025-11-08 15:31:00,995,"Little Argyll Street, West End",2025-11-08 15:52:00,3446,"De Vere Gardens, Kensington",62039,PBSC_EBIKE,1270113,995,3446,False,2025-11-08,2025,11,15,931,5,Saturday,True,False,False,Autumn,21.16855,False,Weekend or holiday,3.331810595622309
153663672,2025-11-08 20:14:00,200052,"Exhibition Road Museums 2, South Kensington",2025-11-08 20:33:00,3423,"Maida Vale, Maida Vale",54318,CLASSIC,1182488,200052,3423,False,2025-11-08,2025,11,20,1214,5,Saturday,True,False,False,Autumn,19.708134,False,Weekend or holiday,3.8310841626202583
153663979,2025-11-08 20:36:00,972,"Hampstead Road, Euston",2025-11-08 20:41:00,200134,"Albany Street, The Regent's Park",56421,CLASSIC,269566,972,200134,False,2025-11-08,2025,11,20,1236,5,Saturday,True,False,False,Autumn,4.492767,False,Weekend or holiday,0.5293167960351416
153683604,2025-11-09 18:37:00,3444,"Penywern Road, Earl's Court",2025-11-09 19:15:00,200129,"Charlotte Terrace, Angel",52407,CLASSIC,2295530,3444,200129,False,2025-11-09,2025,11,18,1117,6,Sunday,True,False,False,Autumn,38.258835,False,Weekend or holiday,7.429135382594114
153689760,2025-11-10 08:02:00,994,"Tanner Street, Bermondsey",2025-11-10 08:11:00,300237,"Tate Modern, Bankside",58847,CLASSIC,549636,994,300237,False,2025-11-10,2025,11,8,482,0,Monday,False,False,True,Autumn,9.1606,True,Morning peak,1.55335604927656
153708445,2025-11-10 20:13:00,300068,"Humbolt Road, Fulham",2025-11-10 20:24:00,300053,"Stephendale Road, Sands End",52871,CLASSIC,645515,300068,300053,False,2025-11-10,2025,11,20,1213,0,Monday,False,False,True,Autumn,10.758583,False,"Working day, off peak",2.236283683623391
153730079,2025-11-11 16:50:00,3437,"Curzon Street, Mayfair",2025-11-11 17:00:00,1225,"George Street, Marylebone",56181,CLASSIC,577811,3437,1225,False,2025-11-11,2025,11,16,1010,1,Tuesday,False,False,True,Autumn,9.630183,False,"Working day, off peak",1.3116177805751932
153731090,2025-11-11 17:12:00,1100,"Strand, Strand",2025-11-11 17:49:00,200123,"Burdett Road, Mile End",54928,CLASSIC,2259951,1100,200123,False,2025-11-11,2025,11,17,1032,1,Tuesday,False,False,True,Autumn,37.66585,True,Evening peak,5.959109770910095
153750967,2025-11-12 09:37:00,1075,"Hyde Park Corner, Hyde Park",2025-11-12 09:47:00,3494,"Foley Street, Fitzrovia",63044,PBSC_EBIKE,607542,1075,3494,False,2025-11-12,2025,11,9,577,2,Wednesday,False,False,True,Autumn,10.1257,True,Morning peak,2.001090535610327
153754205,2025-11-12 12:07:00,200237,"Parson's Green , Parson's Green",2025-11-12 12:09:00,300003,"Eel Brook Common, Walham Green",58401,CLASSIC,127306,200237,300003,False,2025-11-12,2025,11,12,727,2,Wednesday,False,False,True,Autumn,2.1217666,False,"Working day, off peak",0.5924212280505136
153756676,2025-11-12 13:52:00,200011,"Furze Green, Bow",2025-11-12 14:01:00,200102,"Harford Street, Mile End",63132,PBSC_EBIKE,586744,200011,200102,False,2025-11-12,2025,11,13,832,2,Wednesday,False,False,True,Autumn,9.779067,False,"Working day, off peak",1.2658866634830086
153765841,2025-11-12 18:16:00,3467,"Dock Street, Wapping",2025-11-12 18:21:00,200149,"Watney Street, Shadwell",59622,CLASSIC,269554,3467,200149,False,2025-11-12,2025,11,18,1096,2,Wednesday,False,False,True,Autumn,4.4925666,True,Evening peak,0.8190487663101097
153804293,2025-11-14 06:19:00,300053,"Stephendale Road, Sands End",2025-11-14 06:26:00,300008,"Normand Park, West Kensington",63290,PBSC_EBIKE,418108,300053,300008,False,2025-11-14,2025,11,6,379,4,Friday,False,False,True,Autumn,6.9684668,True,Morning peak,2.05801634502809
153808792,2025-11-14 09:25:00,200052,"Exhibition Road Museums 2, South Kensington",2025-11-14 09:33:00,1101,"Knightsbridge, Hyde Park",60470,PBSC_EBIKE,492390,200052,1101,False,2025-11-14,2025,11,9,565,4,Friday,False,False,True,Autumn,8.2065,True,Morning peak,1.4782060984651884
153869586,2025-11-17 08:58:00,2670,"Paddington Green, Paddington",2025-11-17 09:10:00,972,"Hampstead Road, Euston",50913,CLASSIC,699572,2670,972,False,2025-11-17,2025,11,8,538,0,Monday,False,False,True,Autumn,11.6595335,True,Morning peak,2.584779169481278
153869701,2025-11-17 09:00:00,1129,"Sun Street, Liverpool Street",2025-11-17 09:07:00,967,"Golden Lane, Barbican",53986,CLASSIC,387632,1129,967,False,2025-11-17,2025,11,9,540,0,Monday,False,False,True,Autumn,6.460533,True,Morning peak,0.7544222826797563
153879794,2025-11-17 17:00:00,2587,"Wormwood Street, Liverpool Street",2025-11-17 17:10:00,300237,"Tate Modern, Bankside",50073,CLASSIC,582383,2587,300237,False,2025-11-17,2025,11,17,1020,0,Monday,False,False,True,Autumn,9.706384,True,Evening peak,1.5443362990412612
153882742,2025-11-17 18:02:00,200240,"Ferndale Road, Brixton",2025-11-17 18:19:00,300216,"Gas Holders, Battersea Park",59776,CLASSIC,1014014,200240,300216,False,2025-11-17,2025,11,18,1082,0,Monday,False,False,True,Autumn,16.900234,True,Evening peak,2.709459217426376
153906689,2025-11-18 16:41:00,1062,"Braham Street, Aldgate",2025-11-18 16:55:00,1072,"Waterloo Station 3, Waterloo",51464,CLASSIC,849496,1062,1072,False,2025-11-18,2025,11,16,1001,1,Tuesday,False,False,True,Autumn,14.158267,False,"Working day, off peak",2.956469157539696
153927165,2025-11-19 13:10:00,1011,"Argyle Street, Kings Cross",2025-11-19 13:21:00,979,"Wenlock Road , Hoxton",55097,CLASSIC,668299,1011,979,False,2025-11-19,2025,11,13,790,2,Wednesday,False,False,True,Autumn,11.138317,False,"Working day, off peak",2.085440390290528
153961751,2025-11-20 18:39:00,1204,"Queen's Gate (North), Kensington",2025-11-20 18:55:00,300101,"Little Brook Green, Brook Green",59516,CLASSIC,918354,1204,300101,False,2025-11-20,2025,11,18,1119,3,Thursday,False,False,True,Autumn,15.3059,True,Evening peak,3.0583184357287463
153964199,2025-11-20 20:04:00,200166,"Southerton Road, Hammersmith",2025-11-20 20:10:00,200215,"Greyhound Road, Hammersmith",58643,CLASSIC,370159,200166,200215,False,2025-11-20,2025,11,20,1204,3,Thursday,False,False,True,Autumn,6.169317,False,"Working day, off peak",1.3370570061353315
153967842,2025-11-21 06:38:00,300049,"Aylward Street, Stepney",2025-11-21 06:42:00,200148,"Ansell House, Stepney",51975,CLASSIC,208827,300049,200148,False,2025-11-21,2025,11,6,398,4,Friday,False,False,True,Autumn,3.48045,True,Morning peak,0.611003665152761
153977300,2025-11-21 13:11:00,3473,"Belgrave Square, Belgravia",2025-11-21 13:17:00,3429,"Abbey Orchard Street, Westminster",35593,CLASSIC,346807,3473,3429,False,2025-11-21,2025,11,13,791,4,Friday,False,False,True,Autumn,5.7801166,False,"Working day, off peak",1.4066283001333912
153977893,2025-11-21 13:40:00,1222,"Goswell Road (City Uni), Finsbury",2025-11-21 13:41:00,1226,"Macclesfield Rd, St Lukes",50063,CLASSIC,101325,1222,1226,False,2025-11-21,2025,11,13,820,4,Friday,False,False,True,Autumn,1.68875,False,"Working day, off peak",0.30010685487998207
153992801,2025-11-22 09:23:00,979,"Wenlock Road , Hoxton",2025-11-22 09:27:00,1064,"Old Street Station, St. Luke's",90890,CLASSIC,257916,979,1064,False,2025-11-22,2025,11,9,563,5,Saturday,True,False,False,Autumn,4.2986,False,Weekend or holiday,0.7038442063620948
153998878,2025-11-22 16:44:00,200073,"Cephas Street, Bethnal Green",2025-11-22 17:05:00,1070,"Bricklayers Arms, Borough",62238,PBSC_EBIKE,1258682,200073,1070,False,2025-11-22,2025,11,16,1004,5,Saturday,True,False,False,Autumn,20.978033,False,Weekend or holiday,3.732675787441265
154010957,2025-11-23 14:48:00,2679,"George Row, Bermondsey",2025-11-23 15:10:00,22169,"Wren Street, Holborn",54326,CLASSIC,1328128,2679,22169,False,2025-11-23,2025,11,14,888,6,Sunday,True,False,False,Autumn,22.135468,False,Weekend or holiday,4.365586054700304
154012089,2025-11-23 15:33:00,2683,"Millbank Tower, Pimlico",2025-11-23 16:07:00,200121,"Shoreditch Court, Haggerston",55966,CLASSIC,2077263,2683,200121,False,2025-11-23,2025,11,15,933,6,Sunday,True,False,False,Autumn,34.62105,False,Weekend or holiday,6.4970129696625945
154012412,2025-11-23 15:46:00,3439,"Tavistock Place, Bloomsbury",2025-11-23 15:54:00,200129,"Charlotte Terrace, Angel",62199,PBSC_EBIKE,500629,3439,200129,False,2025-11-23,2025,11,15,946,6,Sunday,True,False,False,Autumn,8.343817,False,Weekend or holiday,1.3522813886545209
154018299,2025-11-23 23:10:00,1071,"Tower Gardens , Tower",2025-11-23 23:21:00,300059,"The Blue, Bermondsey",63176,PBSC_EBIKE,661444,1071,300059,False,2025-11-23,2025,11,23,1390,6,Sunday,True,False,False,Autumn,11.024067,False,Weekend or holiday,2.1206404299985566
154019402,2025-11-24 07:12:00,200048,"Page Street, Westminster",2025-11-24 07:15:00,1196,"Vincent Square, Westminster",22015,CLASSIC,195179,200048,1196,False,2025-11-24,2025,11,7,432,0,Monday,False,False,True,Autumn,3.2529833,True,Morning peak,0.6489588304918787
154037076,2025-11-24 18:27:00,2587,"Wormwood Street, Liverpool Street",2025-11-24 18:32:00,200128,"Queen Street 2, Bank",53471,CLASSIC,265905,2587,200128,False,2025-11-24,2025,11,18,1107,0,Monday,False,False,True,Autumn,4.43175,True,Evening peak,0.915877516159142
154045695,2025-11-25 08:02:00,200176,"Sheepcote Lane, Battersea",2025-11-25 08:09:00,1165,"Riverlight North, Nine Elms",57238,CLASSIC,453779,200176,1165,False,2025-11-25,2025,11,8,482,1,Tuesday,False,False,True,Autumn,7.5629835,True,Morning peak,2.2812288110414634
154068904,2025-11-25 20:35:00,997,"Worship Street, Shoreditch",2025-11-25 21:03:00,1190,"Kennington Lane Rail Bridge, Vauxhall",57549,CLASSIC,1667971,997,1190,False,2025-11-25,2025,11,20,1235,1,Tuesday,False,False,True,Autumn,27.799517,False,"Working day, off peak",4.923314352890593
154091727,2025-11-26 18:02:00,1029,"Windsor Terrace, Hoxton",2025-11-26 18:05:00,1131,"Graham Street, Angel",59295,CLASSIC,184660,1029,1131,False,2025-11-26,2025,11,18,1082,2,Wednesday,False,False,True,Autumn,3.0776668,True,Evening peak,0.5983176336232805
154094391,2025-11-26 19:00:00,300242,"Allington Street, Victoria",2025-11-26 19:06:00,3457,"Rochester Row, Westminster",57447,CLASSIC,363867,300242,3457,False,2025-11-26,2025,11,19,1140,2,Wednesday,False,False,True,Autumn,6.06445,True,Evening peak,0.5294564356547131
154103233,2025-11-27 08:26:00,300083,"Duke Street Hill, London Bridge",2025-11-27 08:33:00,2587,"Wormwood Street, Liverpool Street",62684,PBSC_EBIKE,430495,300083,2587,False,2025-11-27,2025,11,8,506,3,Thursday,False,False,True,Autumn,7.1749167,True,Morning peak,1.1453402388560223
154105744,2025-11-27 09:03:00,3445,"Shoreditch High Street, Shoreditch",2025-11-27 09:09:00,200072,"Houndsditch, Aldgate",57776,CLASSIC,391582,3445,200072,False,2025-11-27,2025,11,9,543,3,Thursday,False,False,True,Autumn,6.5263667,True,Morning peak,1.327967655519739
154107100,2025-11-27 09:38:00,22159,"Ebury Bridge, Pimlico",2025-11-27 09:54:00,300096,"Tallis Street, Temple",56195,CLASSIC,1008539,22159,300096,False,2025-11-27,2025,11,9,578,3,Thursday,False,False,True,Autumn,16.808983,True,Morning peak,3.748146550272439
154158410,2025-11-29 12:01:00,200134,"Albany Street, The Regent's Park",2025-11-29 12:13:00,300031,"Islington Green, Angel",63076,PBSC_EBIKE,742619,200134,300031,False,2025-11-29,2025,11,12,721,5,Saturday,True,False,False,Autumn,12.376984,False,Weekend or holiday,3.021727067880003
154175603,2025-11-30 11:36:00,1117,"Lambeth North Station, Waterloo",2025-11-30 11:40:00,1072,"Waterloo Station 3, Waterloo",21075,CLASSIC,258162,1117,1072,False,2025-11-30,2025,11,11,696,6,Sunday,True,False,False,Autumn,4.3027,False,Weekend or holiday,0.5200723506409315
154179251,2025-11-30 13:50:00,300252,"Canada Water Station, Rotherhithe",2025-11-30 14:03:00,1213,"Curlew Street, Shad Thames",58746,CLASSIC,775465,300252,1213,False,2025-11-30,2025,11,13,830,6,Sunday,True,False,False,Autumn,12.924417,False,Weekend or holiday,1.785019147014992
154192661,2025-12-01 08:35:00,961,"Union Street, The Borough",2025-12-01 08:41:00,1219,"Lower Marsh, Waterloo",60572,PBSC_EBIKE,371591,961,1219,False,2025-12-01,2025,12,8,515,0,Monday,False,False,True,Winter,6.1931834,True,Morning peak,1.1391217021300433
154201205,2025-12-01 16:50:00,1170,"Horseferry Road, Westminster",2025-12-01 16:55:00,1000,"Vauxhall Cross, Vauxhall",51208,CLASSIC,270536,1170,1000,False,2025-12-01,2025,12,16,1010,0,Monday,False,False,True,Winter,4.5089335,False,"Working day, off peak",1.0728890253196564
154210804,2025-12-02 07:18:00,300043,"St. Peter's Terrace, Fulham",2025-12-02 07:33:00,3469,"Cadogan Place, Knightsbridge",62087,PBSC_EBIKE,866089,300043,3469,False,2025-12-02,2025,12,7,438,1,Tuesday,False,False,True,Winter,14.434816,True,Morning peak,3.9010907203031153
154212094,2025-12-02 07:55:00,1212,"Concert Hall Approach, South Bank",2025-12-02 08:04:00,1074,"Newgate Street , St. Paul's",20884,CLASSIC,537955,1212,1074,False,2025-12-02,2025,12,7,475,1,Tuesday,False,False,True,Winter,8.965917,True,Morning peak,1.6097884044205655
154214321,2025-12-02 08:31:00,22174,"Granby Street, Shoreditch",2025-12-02 08:46:00,999,"Queen Street 1, Bank",22794,CLASSIC,881533,22174,999,False,2025-12-02,2025,12,8,511,1,Tuesday,False,False,True,Winter,14.692217,True,Morning peak,2.253034827567386
154217985,2025-12-02 09:38:00,200015,"Ladbroke Grove Central, Ladbroke Grove",2025-12-02 09:48:00,1108,"North Wharf Road, Paddington",59487,CLASSIC,591356,200015,1108,False,2025-12-02,2025,12,9,578,1,Tuesday,False,False,True,Winter,9.855933,True,Morning peak,2.1728857576467706
154248300,2025-12-03 11:56:00,300242,"Allington Street, Victoria",2025-12-03 12:20:00,1201,"Bank of England Museum, Bank",53252,CLASSIC,1462108,300242,1201,False,2025-12-03,2025,12,11,716,2,Wednesday,False,False,True,Winter,24.368467,False,"Working day, off peak",4.301070286397435
154250009,2025-12-03 13:14:00,1043,"Museum of London, Barbican",2025-12-03 13:25:00,200132,"Gaywood  Street, Elephant & Castle",63220,PBSC_EBIKE,626134,1043,200132,False,2025-12-03,2025,12,13,794,2,Wednesday,False,False,True,Winter,10.435567,False,"Working day, off peak",2.4787438715851913
154254173,2025-12-03 16:28:00,200246,"Eagle Wharf Road, Hoxton",2025-12-03 16:56:00,1190,"Kennington Lane Rail Bridge, Vauxhall",21530,CLASSIC,1696226,200246,1190,False,2025-12-03,2025,12,16,988,2,Wednesday,False,False,True,Winter,28.270433,False,"Working day, off peak",5.62929697089781
154276784,2025-12-04 15:07:00,300201,"Coram Street, Bloomsbury",2025-12-04 15:14:00,200195,"St Martins Close, Camden Town",50098,CLASSIC,443867,300201,200195,False,2025-12-04,2025,12,15,907,3,Thursday,False,False,True,Winter,7.3977833,False,"Working day, off peak",1.8463257620265279
154284433,2025-12-04 19:16:00,200008,"Portman Square, Marylebone",2025-12-04 19:35:00,1106,"Rampayne Street, Pimlico",40271,CLASSIC,1174861,200008,1106,False,2025-12-04,2025,12,19,1156,3,Thursday,False,False,True,Winter,19.581017,True,Evening peak,3.312170360583048
154290885,2025-12-05 07:51:00,200121,"Shoreditch Court, Haggerston",2025-12-05 08:20:00,1033,"Paddington Street, Marylebone",51141,CLASSIC,1737866,200121,1033,False,2025-12-05,2025,12,7,471,4,Friday,False,False,True,Winter,28.964434,True,Morning peak,6.18835828467587
154296525,2025-12-05 10:54:00,3428,"Pancras Road, King's Cross",2025-12-05 11:26:00,1037,"Park Lane , Hyde Park",59440,CLASSIC,1889486,3428,1037,False,2025-12-05,2025,12,10,654,4,Friday,False,False,True,Winter,31.491434,False,"Working day, off peak",3.302737194853067
154303765,2025-12-05 16:34:00,3489,"Broadwick Street, Soho",2025-12-05 16:47:00,1011,"Argyle Street, Kings Cross",54474,CLASSIC,776050,3489,1011,False,2025-12-05,2025,12,16,994,4,Friday,False,False,True,Winter,12.934167,False,"Working day, off peak",1.9256818879953008
154315068,2025-12-06 11:01:00,3427,"Fanshaw Street, Hoxton",2025-12-06 11:06:00,964,"Bath Street, St. Luke's",58043,CLASSIC,272649,3427,964,False,2025-12-06,2025,12,11,661,5,Saturday,True,False,False,Winter,4.54415,False,Weekend or holiday,0.6579851888666952
154317209,2025-12-06 12:24:00,1231,"Queen's Gate, Kensington Gardens",2025-12-06 12:42:00,1075,"Hyde Park Corner, Hyde Park",59993,CLASSIC,1106018,1231,1075,False,2025-12-06,2025,12,12,744,5,Saturday,True,False,False,Winter,18.433634,False,Weekend or holiday,1.829409698960763
154328262,2025-12-06 22:17:00,200162,"Watney Market, Stepney",2025-12-06 22:19:00,200002,"Jubilee Street, Stepney",54590,CLASSIC,148190,200162,200002,False,2025-12-06,2025,12,22,1337,5,Saturday,True,False,False,Winter,2.4698334,False,Weekend or holiday,0.2596571763871462
154348909,2025-12-08 09:10:00,200159,"Goldsmith's Row, Haggerston",2025-12-08 09:11:00,200213,"Durant Street, Bethnal Green",51619,CLASSIC,103395,200159,200213,False,2025-12-08,2025,12,9,550,0,Monday,False,False,True,Winter,1.72325,True,Morning peak,0.35551999286099706
154349924,2025-12-08 09:42:00,1088,"Triangle Car Park, Hyde Park",2025-12-08 09:52:00,1110,"Palace Gate, Kensington Gardens",52310,CLASSIC,638885,1088,1110,False,2025-12-08,2025,12,9,582,0,Monday,False,False,True,Winter,10.648084,True,Morning peak,1.0934384877553927
154350032,2025-12-08 09:46:00,1182,"Notting Hill Gate Station, Notting Hill",2025-12-08 09:56:00,1193,"Kensington Gore, Knightsbridge",24046,CLASSIC,601749,1182,1193,False,2025-12-08,2025,12,9,586,0,Monday,False,False,True,Winter,10.02915,True,Morning peak,1.5125287083664911
154353087,2025-12-08 12:49:00,1088,"Triangle Car Park, Hyde Park",2025-12-08 13:31:00,300210,"Halford Road, West Kensington",57265,CLASSIC,2497451,1088,300210,False,2025-12-08,2025,12,12,769,0,Monday,False,False,True,Winter,41.624184,False,"Working day, off peak",3.140279420917301
154363558,2025-12-08 19:35:00,200013,"Aston Street, Stepney",2025-12-08 19:55:00,971,"Godliman Street, St. Paul's",54961,CLASSIC,1200527,200013,971,False,2025-12-08,2025,12,19,1175,0,Monday,False,False,True,Winter,20.008783,True,Evening peak,4.195512524232112
154390871,2025-12-09 20:59:00,200256,"Sutton Street, Shadwell",2025-12-09 21:26:00,1224,"Vauxhall Street, Vauxhall",56429,CLASSIC,1608090,200256,1224,False,2025-12-09,2025,12,20,1259,1,Tuesday,False,False,True,Winter,26.8015,False,"Working day, off peak",5.122554186692523
154400372,2025-12-10 09:03:00,22180,"Cheapside, Bank",2025-12-10 09:08:00,982,"Holborn Circus, Holborn",58238,CLASSIC,287903,22180,982,False,2025-12-10,2025,12,9,543,2,Wednesday,False,False,True,Winter,4.798383,True,Morning peak,1.174153336076699
154413462,2025-12-10 17:40:00,1073,"Kennington Road Post Office, Oval",2025-12-10 17:55:00,965,"Tachbrook Street, Victoria",58693,CLASSIC,894337,1073,965,False,2025-12-10,2025,12,17,1060,2,Wednesday,False,False,True,Winter,14.905617,True,Evening peak,2.0823835978354492
154414757,2025-12-10 18:06:00,1187,"St. John's Wood Road, St. John's Wood",2025-12-10 18:12:00,1050,"Park Road (Baker Street), The Regent's Park",62173,PBSC_EBIKE,357930,1187,1050,False,2025-12-10,2025,12,18,1086,2,Wednesday,False,False,True,Winter,5.9655,True,Evening peak,1.128519226973222
154414877,2025-12-10 18:08:00,300095,"Michael Road, Walham Green",2025-12-10 18:20:00,1087,"Belgrave Road, Victoria",63338,PBSC_EBIKE,692375,300095,1087,False,2025-12-10,2025,12,18,1088,2,Wednesday,False,False,True,Winter,11.539583,True,Evening peak,3.588808380274004
154421883,2025-12-10 22:59:00,200133,"South Lambeth Road, Vauxhall",2025-12-10 23:53:00,300038,"Star Road, West Kensington",55193,CLASSIC,3227995,200133,300038,False,2025-12-10,2025,12,22,1379,2,Wednesday,False,False,True,Winter,53.799915,False,"Working day, off peak",5.616985802841751
154422775,2025-12-11 01:16:00,2649,"Sardinia Street, Holborn",2025-12-11 01:28:00,960,"Hop Exchange, The Borough",50481,CLASSIC,703319,2649,960,False,2025-12-11,2025,12,1,76,3,Thursday,False,False,True,Winter,11.721983,False,"Working day, off peak",2.1550771695035524
154423770,2025-12-11 06:57:00,200183,"Battersea Park Road, Nine Elms",2025-12-11 07:15:00,1067,"St. James's Square, St. James's",50225,CLASSIC,1097033,200183,1067,False,2025-12-11,2025,12,6,417,3,Thursday,False,False,True,Winter,18.283884,True,Morning peak,3.144094876180599
154461029,2025-12-12 11:56:00,300031,"Islington Green, Angel",2025-12-12 12:35:00,200118,"Albert Street, Camden Town",30620,CLASSIC,2340114,300031,200118,False,2025-12-12,2025,12,11,716,4,Friday,False,False,True,Winter,39.0019,False,"Working day, off peak",2.9116523021314697
154466060,2025-12-12 15:44:00,2694,"Clapham Common Station, Clapham Common",2025-12-12 15:51:00,300245,"Clapham Road, Lingham Street, Stockwell",20254,CLASSIC,452593,2694,300245,False,2025-12-12,2025,12,15,944,4,Friday,False,False,True,Winter,7.5432167,False,"Working day, off peak",1.551783352753934
154471738,2025-12-12 18:48:00,1037,"Park Lane , Hyde Park",2025-12-12 19:23:00,1010,"Cartwright Gardens , Bloomsbury",52539,CLASSIC,2123531,1037,1010,False,2025-12-12,2025,12,18,1128,4,Friday,False,False,True,Winter,35.392185,True,Evening peak,2.8267348988519596
154478689,2025-12-13 08:42:00,1184,"St. Mary Axe, Aldgate",2025-12-13 08:45:00,200036,"Bell Lane, Liverpool Street",59320,CLASSIC,178650,1184,200036,False,2025-12-13,2025,12,8,522,5,Saturday,True,False,False,Winter,2.9775,False,Weekend or holiday,0.4910669588502409
154492046,2025-12-13 17:14:00,200168,"Southern Grove, Bow",2025-12-13 17:20:00,200148,"Ansell House, Stepney",60237,PBSC_EBIKE,373160,200168,200148,False,2025-12-13,2025,12,17,1034,5,Saturday,True,False,False,Winter,6.219333,False,Weekend or holiday,1.6941285431487767
154492761,2025-12-13 17:44:00,22174,"Granby Street, Shoreditch",2025-12-13 17:46:00,973,"Bethnal Green Road, Shoreditch",41801,CLASSIC,105989,22174,973,False,2025-12-13,2025,12,17,1064,5,Saturday,True,False,False,Winter,1.7664833,False,Weekend or holiday,0.4234128488279785
154499002,2025-12-14 04:25:00,300212,"Birkenhead Street, King's Cross",2025-12-14 04:48:00,1031,"Nesham Street, Wapping",55298,CLASSIC,1345746,300212,1031,False,2025-12-14,2025,12,4,265,6,Sunday,True,False,False,Winter,22.4291,False,Weekend or holiday,4.611656027450453
154504160,2025-12-14 12:42:00,3445,"Shoreditch High Street, Shoreditch",2025-12-14 13:04:00,300021,"Podium, Queen Elizabeth Olympic Park",60346,PBSC_EBIKE,1307609,3445,300021,False,2025-12-14,2025,12,12,762,6,Sunday,True,False,False,Winter,21.793484,False,Weekend or holiday,4.783034993439108
154528547,2025-12-15 16:34:00,1080,"Great Tower Street, Monument",2025-12-15 16:47:00,1213,"Curlew Street, Shad Thames",54472,CLASSIC,757575,1080,1213,False,2025-12-15,2025,12,16,994,0,Monday,False,False,True,Winter,12.62625,False,"Working day, off peak",1.0969677700979101
154536005,2025-12-15 20:19:00,300081,"Haggerston Road, Haggerston",2025-12-15 20:55:00,200127,"East India DLR, Blackwall",41977,CLASSIC,2157312,300081,200127,False,2025-12-15,2025,12,20,1219,0,Monday,False,False,True,Winter,35.9552,False,"Working day, off peak",5.986521018740643
154540340,2025-12-16 07:38:00,1187,"St. John's Wood Road, St. John's Wood",2025-12-16 07:53:00,1067,"St. James's Square, St. James's",60275,PBSC_EBIKE,906779,1187,1067,False,2025-12-16,2025,12,7,458,1,Tuesday,False,False,True,Winter,15.112984,True,Morning peak,3.543221428371445
154559464,2025-12-16 19:35:00,1100,"Strand, Strand",2025-12-16 19:41:00,2696,"Waterloo Station 1, Waterloo",50110,CLASSIC,367704,1100,2696,False,2025-12-16,2025,12,19,1175,1,Tuesday,False,False,True,Winter,6.1284,True,Evening peak,0.954848956184821
154561910,2025-12-16 22:10:00,200251,"Bow Road Station, Bow",2025-12-16 22:14:00,200006,"Hewison Street, Old Ford",57515,CLASSIC,276654,200251,200006,False,2025-12-16,2025,12,22,1330,1,Tuesday,False,False,True,Winter,4.6109,False,"Working day, off peak",0.7198874160810124
154565257,2025-12-17 08:00:00,1208,"Dickens Square, Borough",2025-12-17 08:10:00,200048,"Page Street, Westminster",56399,CLASSIC,639168,1208,200048,False,2025-12-17,2025,12,8,480,2,Wednesday,False,False,True,Winter,10.6528,True,Morning peak,2.3497931734215753
154566385,2025-12-17 08:26:00,200116,"Vereker Road, West Kensington",2025-12-17 08:40:00,200067,"Princedale Road , Holland Park",56400,CLASSIC,842989,200116,200067,False,2025-12-17,2025,12,8,506,2,Wednesday,False,False,True,Winter,14.049817,True,Morning peak,1.8773189397916337
154572930,2025-12-17 12:59:00,1080,"Great Tower Street, Monument",2025-12-17 13:08:00,1161,"Brushfield Street, Liverpool Street",52545,CLASSIC,501786,1080,1161,False,2025-12-17,2025,12,12,779,2,Wednesday,False,False,True,Winter,8.3631,False,"Working day, off peak",0.9718005138366744
154579488,2025-12-17 17:44:00,200200,"Great Suffolk Street, The Borough",2025-12-17 18:00:00,3483,"Fashion Street, Whitechapel",58307,CLASSIC,952926,200200,3483,False,2025-12-17,2025,12,17,1064,2,Wednesday,False,False,True,Winter,15.8821,True,Evening peak,2.623094988563048
154599208,2025-12-18 18:49:00,1100,"Strand, Strand",2025-12-18 19:05:00,3454,"Denyer Street, Knightsbridge",60499,PBSC_EBIKE,983234,1100,3454,False,2025-12-18,2025,12,18,1129,3,Thursday,False,False,True,Winter,16.387234,True,Evening peak,4.05724014549168
154600914,2025-12-18 20:28:00,1078,"Lambeth Road, Vauxhall",2025-12-18 20:35:00,200206,"Chicheley Street, South Bank",56641,CLASSIC,403095,1078,200206,False,2025-12-18,2025,12,20,1228,3,Thursday,False,False,True,Winter,6.71825,False,"Working day, off peak",0.8733506732917747
154604078,2025-12-19 07:11:00,200036,"Bell Lane, Liverpool Street",2025-12-19 07:33:00,1165,"Riverlight North, Nine Elms",62652,PBSC_EBIKE,1294876,200036,1165,False,2025-12-19,2025,12,7,431,4,Friday,False,False,True,Winter,21.581266,True,Morning peak,5.713846484956065
154659649,2025-12-22 17:07:00,300031,"Islington Green, Angel",2025-12-22 17:19:00,200152,"Pitfield Street North,Hoxton",50783,CLASSIC,756160,300031,200152,False,2025-12-22,2025,12,17,1027,0,Monday,False,False,True,Winter,12.602667,True,Evening peak,1.4046313108954556
154666031,2025-12-23 07:41:00,1131,"Graham Street, Angel",2025-12-23 07:47:00,1065,"Aldersgate Street, Barbican",60248,PBSC_EBIKE,350754,1131,1065,False,2025-12-23,2025,12,7,461,1,Tuesday,False,False,True,Winter,5.8459,True,Morning peak,1.326962091036397
154667352,2025-12-23 09:03:00,300068,"Humbolt Road, Fulham",2025-12-23 09:08:00,300018,"Charing Cross Hospital, Hammersmith",55605,CLASSIC,304568,300068,300018,False,2025-12-23,2025,12,9,543,1,Tuesday,False,False,True,Winter,5.0761333,True,Morning peak,0.6205414005142484
154681965,2025-12-24 12:17:00,1046,"Vauxhall Bridge , Pimlico",2025-12-24 12:20:00,1140,"Grosvenor Road, Pimlico",52592,CLASSIC,228758,1046,1140,False,2025-12-24,2025,12,12,737,2,Wednesday,False,False,True,Winter,3.8126333,False,"Working day, off peak",0.9502718456108893
154703378,2025-12-26 06:01:00,22164,"Eaton Square (South), Belgravia",2025-12-26 06:13:00,1153,"Pall Mall East, West End",58354,CLASSIC,716680,22164,1153,False,2025-12-26,2025,12,6,361,4,Friday,False,True,False,Winter,11.944667,False,Weekend or holiday,2.178001665428687
154708644,2025-12-26 18:56:00,2688,"Clifford Street, Mayfair",2025-12-26 19:15:00,300249,"Westminster Pier, Westminster",59065,CLASSIC,1139388,2688,300249,False,2025-12-26,2025,12,18,1136,4,Friday,False,True,False,Winter,18.9898,False,Weekend or holiday,1.6365482070094695
154711628,2025-12-27 10:48:00,1000,"Vauxhall Cross, Vauxhall",2025-12-27 11:08:00,995,"Little Argyll Street, West End",62594,PBSC_EBIKE,1202878,1000,995,False,2025-12-27,2025,12,10,648,5,Saturday,True,False,False,Winter,20.047966,False,Weekend or holiday,3.387923472783358
154730993,2025-12-29 11:10:00,300231,"Lambeth Palace Road, Waterloo",2025-12-29 11:21:00,1192,"Embankment (Savoy), Strand",54310,CLASSIC,652231,300231,1192,False,2025-12-29,2025,12,11,670,0,Monday,False,False,True,Winter,10.870517,False,"Working day, off peak",1.074150493249111
154770864,2026-01-01 18:50:00,300013,"Austin Road, Battersea Park",2026-01-01 18:58:00,300055,"Stewart's Road, Wandsworth Road",60468,PBSC_EBIKE,484469,300013,300055,False,2026-01-01,2026,1,18,1130,3,Thursday,False,True,False,Winter,8.074483,False,Weekend or holiday,1.2687822815603549
154771897,2026-01-01 23:07:00,200128,"Queen Street 2, Bank",2026-01-01 23:12:00,300237,"Tate Modern, Bankside",55213,CLASSIC,296985,200128,300237,False,2026-01-01,2026,1,23,1387,3,Thursday,False,True,False,Winter,4.94975,False,Weekend or holiday,0.6414093053068444
154774928,2026-01-02 11:17:00,300046,"Alma Road, Wandsworth",2026-01-02 11:32:00,300030,"Thorndike Close, West Chelsea",53874,CLASSIC,923165,300046,300030,False,2026-01-02,2026,1,11,677,4,Friday,False,False,True,Winter,15.386084,False,"Working day, off peak",2.5479974104216088
154787761,2026-01-03 13:24:00,1103,"Gloucester Street, Pimlico",2026-01-03 13:27:00,1087,"Belgrave Road, Victoria",50643,CLASSIC,137340,1103,1087,False,2026-01-03,2026,1,13,804,5,Saturday,True,False,False,Winter,2.289,False,Weekend or holiday,0.39939110334504396
154796333,2026-01-04 11:52:00,300023,"All Saints Church, Portobello",2026-01-04 11:59:00,300084,"Sirdar Road, Avondale",52521,CLASSIC,432774,300023,300084,False,2026-01-04,2026,1,11,712,6,Sunday,True,False,False,Winter,7.2129,False,Weekend or holiday,1.02343904616077
154810136,2026-01-05 11:48:00,200211,"Union Grove, Wandsworth Road",2026-01-05 11:55:00,300224,"New Spring Gardens Walk, Vauxhall",55372,CLASSIC,418610,200211,300224,False,2026-01-05,2026,1,11,708,0,Monday,False,False,True,Winter,6.9768333,False,"Working day, off peak",1.8210880614825882
154818277,2026-01-05 18:51:00,1022,"Brunswick Square, Bloomsbury",2026-01-05 19:18:00,200109,"Alpha Grove, Millwall",63480,PBSC_EBIKE,1650116,1022,200109,False,2026-01-05,2026,1,18,1131,0,Monday,False,False,True,Winter,27.501934,True,Evening peak,7.509559481078184
154834821,2026-01-06 18:07:00,3465,"Eccleston Place, Victoria",2026-01-06 18:38:00,300005,"Ethelburga Estate, Battersea Park",58601,CLASSIC,1838394,3465,300005,False,2026-01-06,2026,1,18,1087,1,Tuesday,False,False,True,Winter,30.6399,True,Evening peak,2.2007052342636437
154835775,2026-01-06 18:34:00,1159,"Berry Street, Clerkenwell",2026-01-06 18:46:00,1072,"Waterloo Station 3, Waterloo",51690,CLASSIC,728920,1159,1072,False,2026-01-06,2026,1,18,1114,1,Tuesday,False,False,True,Winter,12.148666,True,Evening peak,2.2980322928413877
154847572,2026-01-07 12:18:00,200175,"Wandsworth Rd, Isley Court, Wandsworth Road",2026-01-07 12:29:00,2683,"Millbank Tower, Pimlico",60496,PBSC_EBIKE,652972,200175,2683,False,2026-01-07,2026,1,12,738,2,Wednesday,False,False,True,Winter,10.882867,False,"Working day, off peak",2.7528361260944214
154856552,2026-01-07 18:48:00,3479,"Old Brompton Road, South Kensington",2026-01-07 19:00:00,22164,"Eaton Square (South), Belgravia",52040,CLASSIC,673630,3479,22164,False,2026-01-07,2026,1,18,1128,2,Wednesday,False,False,True,Winter,11.227167,True,Evening peak,1.9294034656024344
154859469,2026-01-07 21:39:00,976,"Longford Street, The Regent's Park",2026-01-07 21:48:00,200198,"Seymour Place, Marylebone",50276,CLASSIC,506565,976,200198,False,2026-01-07,2026,1,21,1299,2,Wednesday,False,False,True,Winter,8.44275,False,"Working day, off peak",1.4759566601568774
154861222,2026-01-08 07:12:00,1011,"Argyle Street, Kings Cross",2026-01-08 07:24:00,1228,"Southampton Street, Strand",42216,CLASSIC,757723,1011,1228,False,2026-01-08,2026,1,7,432,3,Thursday,False,False,True,Winter,12.628716,True,Morning peak,2.086679202723223
154875136,2026-01-08 21:27:00,200153,"Blythe Road, Olympia",2026-01-08 21:31:00,200154,"Hansard Mews, Holland Park",58668,CLASSIC,238131,200153,200154,False,2026-01-08,2026,1,21,1287,3,Thursday,False,False,True,Winter,3.96885,False,"Working day, off peak",0.7809801785836888
154875662,2026-01-08 22:47:00,200096,"Green Park Station, Mayfair",2026-01-08 23:11:00,300012,"Irene Road, Parsons Green",56800,CLASSIC,1443970,200096,300012,False,2026-01-08,2026,1,22,1367,3,Thursday,False,False,True,Winter,24.066166,False,"Working day, off peak",5.235133947929597
154893854,2026-01-10 09:49:00,200232,"Preston's Road, Cubitt Town",2026-01-10 09:57:00,200022,"Saunders Ness Road, Cubitt Town",55466,CLASSIC,509083,200232,200022,False,2026-01-10,2026,1,9,589,5,Saturday,True,False,False,Winter,8.484716,False,Weekend or holiday,1.3518371439816332
154898459,2026-01-10 13:44:00,3500,"Baldwin Street, St. Luke's",2026-01-10 14:08:00,3476,"Hinde Street, Marylebone",52131,CLASSIC,1467565,3500,3476,False,2026-01-10,2026,1,13,824,5,Saturday,True,False,False,Winter,24.459417,False,Weekend or holiday,4.529959999815512
154903191,2026-01-10 17:52:00,1059,"Albert Embankment, Vauxhall",2026-01-10 18:20:00,1207,"Tavistock Street, Covent Garden",23008,CLASSIC,1693655,1059,1207,False,2026-01-10,2026,1,17,1072,5,Saturday,True,False,False,Winter,28.227583,False,Weekend or holiday,2.398718409102446
154904629,2026-01-10 19:25:00,2586,"Cloudesley Road, Angel",2026-01-10 19:34:00,964,"Bath Street, St. Luke's",60519,PBSC_EBIKE,582669,2586,964,False,2026-01-10,2026,1,19,1165,5,Saturday,True,False,False,Winter,9.71115,False,Weekend or holiday,1.5740633745954582
154908791,2026-01-11 10:09:00,200129,"Charlotte Terrace, Angel",2026-01-11 10:20:00,964,"Bath Street, St. Luke's",51008,CLASSIC,604090,200129,964,False,2026-01-11,2026,1,10,609,6,Sunday,True,False,False,Winter,10.068167,False,Weekend or holiday,1.9111143801971624
154913512,2026-01-11 14:22:00,200001,"Limerston Street, West Chelsea",2026-01-11 14:31:00,3420,"Sedding Street, Sloane Square",59791,CLASSIC,539350,200001,3420,False,2026-01-11,2026,1,14,862,6,Sunday,True,False,False,Winter,8.989166,False,Weekend or holiday,1.8807953992889892
154934840,2026-01-12 17:47:00,1087,"Belgrave Road, Victoria",2026-01-12 18:03:00,1162,"Dorset Square, Marylebone",30048,CLASSIC,923721,1087,1162,False,2026-01-12,2026,1,17,1067,0,Monday,False,False,True,Winter,15.39535,True,Evening peak,3.473120237046579
154952403,2026-01-13 16:07:00,200044,"New Fetter Lane, Holborn",2026-01-13 16:46:00,300086,"Fulham Broadway, Walham Green",53533,CLASSIC,2307251,200044,300086,False,2026-01-13,2026,1,16,967,1,Tuesday,False,False,True,Winter,38.45418,False,"Working day, off peak",7.275285689727443
154970125,2026-01-14 11:19:00,1031,"Nesham Street, Wapping",2026-01-14 11:23:00,200034,"Wapping Lane, Wapping",55745,CLASSIC,271405,1031,200034,False,2026-01-14,2026,1,11,679,2,Wednesday,False,False,True,Winter,4.5234165,False,"Working day, off peak",0.7002585379485419
154978506,2026-01-14 17:42:00,300220,"Farringdon Street, Holborn",2026-01-14 18:07:00,3478,"Guildhouse Street, Victoria",40778,CLASSIC,1522048,300220,,,2026-01-14,2026,1,17,1062,2,Wednesday,False,False,True,Winter,25.367466,True,Evening peak,
154999609,2026-01-15 17:55:00,2685,"South Kensington Station, South Kensington",2026-01-15 18:04:00,3465,"Eccleston Place, Victoria",23277,CLASSIC,534156,2685,3465,False,2026-01-15,2026,1,17,1075,3,Thursday,False,False,True,Winter,8.9026,True,Evening peak,1.8184796798755982
155004457,2026-01-15 22:53:00,1204,"Queen's Gate (North), Kensington",2026-01-15 23:11:00,200136,"BBC White City, White City",59179,CLASSIC,1104218,1204,200136,False,2026-01-15,2026,1,22,1373,3,Thursday,False,False,True,Winter,18.403633,False,"Working day, off peak",3.502587755886092
155012880,2026-01-16 11:46:00,200115,"Flamborough Street, Limehouse",2026-01-16 12:02:00,200115,"Flamborough Street, Limehouse",42148,CLASSIC,951157,200115,200115,True,2026-01-16,2026,1,11,706,4,Friday,False,False,True,Winter,15.852616,False,"Working day, off peak",0.0
155021002,2026-01-16 17:39:00,1123,"Southampton Place, Holborn",2026-01-16 17:59:00,1224,"Vauxhall Street, Vauxhall",54400,CLASSIC,1161985,1123,1224,False,2026-01-16,2026,1,17,1059,4,Friday,False,False,True,Winter,19.366417,True,Evening peak,3.422639390211677
155043934,2026-01-17 18:58:00,300089,"Ormonde Gate, Chelsea",2026-01-17 19:09:00,300086,"Fulham Broadway, Walham Green",62154,PBSC_EBIKE,700727,300089,300086,False,2026-01-17,2026,1,18,1138,5,Saturday,True,False,False,Winter,11.678783,False,Weekend or holiday,2.4116148940607816
155080932,2026-01-19 17:27:00,200212,"Blackfriars Station, St. Paul's",2026-01-19 17:55:00,300076,"Lots Road, West Chelsea",55878,CLASSIC,1667559,200212,300076,False,2026-01-19,2026,1,17,1047,0,Monday,False,False,True,Winter,27.79265,True,Evening peak,6.371805290871996
155088247,2026-01-19 21:22:00,1053,"Clerkenwell Green, Clerkenwell",2026-01-19 21:42:00,200131,"Clarkson Street, Bethnal Green",59984,CLASSIC,1190683,1053,200131,False,2026-01-19,2026,1,21,1282,0,Monday,False,False,True,Winter,19.844717,False,"Working day, off peak",3.2131125673345067
155092703,2026-01-20 08:01:00,1077,"Royal London Hospital, Whitechapel",2026-01-20 08:21:00,1222,"Goswell Road (City Uni), Finsbury",59524,CLASSIC,1173013,1077,1222,False,2026-01-20,2026,1,8,481,1,Tuesday,False,False,True,Winter,19.550217,True,Morning peak,2.9595530480252163
155107424,2026-01-20 17:11:00,300100,"Limburg Road, Clapham Junction",2026-01-20 17:23:00,300245,"Clapham Road, Lingham Street, Stockwell",54548,CLASSIC,755515,300100,300245,False,2026-01-20,2026,1,17,1031,1,Tuesday,False,False,True,Winter,12.591917,True,Evening peak,3.071330502494628
155112368,2026-01-20 18:44:00,2692,"Waterloo Station 2, Waterloo",2026-01-20 19:00:00,1142,"Tooley Street, Bermondsey",59951,CLASSIC,964690,2692,1142,False,2026-01-20,2026,1,18,1124,1,Tuesday,False,False,True,Winter,16.078167,True,Evening peak,2.340356301817837
155128078,2026-01-21 16:49:00,1080,"Great Tower Street, Monument",2026-01-21 17:02:00,1072,"Waterloo Station 3, Waterloo",61180,PBSC_EBIKE,781221,1080,1072,False,2026-01-21,2026,1,16,1009,2,Wednesday,False,False,True,Winter,13.02035,False,"Working day, off peak",2.1948940186388857
155139634,2026-01-22 08:26:00,1085,"Old Quebec Street, Marylebone",2026-01-22 08:32:00,1164,"Portland Place, Marylebone",53538,CLASSIC,376159,1085,1164,False,2026-01-22,2026,1,8,506,3,Thursday,False,False,True,Winter,6.2693167,True,Morning peak,1.1320640265676263
155166304,2026-01-23 10:59:00,980,"Malet Street, Bloomsbury",2026-01-23 11:04:00,1202,"Wellington Street , Strand",62340,PBSC_EBIKE,312452,980,1202,False,2026-01-23,2026,1,10,659,4,Friday,False,False,True,Winter,5.2075334,False,"Working day, off peak",1.3322672177710406
155175878,2026-01-23 18:05:00,200066,"Import Dock, Canary Wharf",2026-01-23 18:10:00,22175,"Canton Street, Poplar",54285,CLASSIC,332425,200066,22175,False,2026-01-23,2026,1,18,1085,4,Friday,False,False,True,Winter,5.5404167,True,Evening peak,0.9237551192360715
155178722,2026-01-23 19:42:00,1002,"Holy Trinity Brompton, Knightsbridge",2026-01-23 19:55:00,3478,"Guildhouse Street, Victoria",50396,CLASSIC,735815,1002,,,2026-01-23,2026,1,19,1182,4,Friday,False,False,True,Winter,12.263583,True,Evening peak,
155192866,2026-01-24 14:49:00,300037,"Ravenscourt Park Station, Hammersmith",2026-01-24 15:00:00,200214,"Woodstock Grove, Shepherd's Bush",41883,CLASSIC,678397,300037,200214,False,2026-01-24,2026,1,14,889,5,Saturday,True,False,False,Winter,11.306617,False,Weekend or holiday,1.7287959049431258
155203922,2026-01-25 10:26:00,300004,"Harris Academy, Bermondsey",2026-01-25 10:52:00,22165,"Fisherman's Walk West, Canary Wharf",55638,CLASSIC,1558506,300004,22165,False,2026-01-25,2026,1,10,626,6,Sunday,True,False,False,Winter,25.9751,False,Weekend or holiday,3.7366575350492623
155229363,2026-01-26 15:56:00,1164,"Portland Place, Marylebone",2026-01-26 16:26:00,200126,"Usk Road, Clapham Junction",63098,PBSC_EBIKE,1824309,1164,200126,False,2026-01-26,2026,1,15,956,0,Monday,False,False,True,Winter,30.40515,False,"Working day, off peak",6.857296666307202
155232887,2026-01-26 17:44:00,200229,"Fulham Park Road, Fulham",2026-01-26 18:04:00,22158,"Exhibition Road Museums 1, South Kensington",56860,CLASSIC,1147100,200229,22158,False,2026-01-26,2026,1,17,1064,0,Monday,False,False,True,Winter,19.118334,True,Evening peak,3.4769870145124875
155233629,2026-01-26 18:00:00,3437,"Curzon Street, Mayfair",2026-01-26 18:14:00,3444,"Penywern Road, Earl's Court",42118,CLASSIC,847261,3437,3444,False,2026-01-26,2026,1,18,1080,0,Monday,False,False,True,Winter,14.1210165,True,Evening peak,3.64779520987993
155239338,2026-01-26 21:31:00,200229,"Fulham Park Road, Fulham",2026-01-26 21:37:00,300086,"Fulham Broadway, Walham Green",55781,CLASSIC,337774,200229,300086,False,2026-01-26,2026,1,21,1291,0,Monday,False,False,True,Winter,5.6295667,False,"Working day, off peak",1.190335759933243
155269683,2026-01-28 10:03:00,200083,"Pritchard's Road, Bethnal Green",2026-01-28 10:14:00,1077,"Royal London Hospital, Whitechapel",57294,CLASSIC,612559,200083,1077,False,2026-01-28,2026,1,10,603,2,Wednesday,False,False,True,Winter,10.209316,False,"Working day, off peak",1.4919442945856851
155270309,2026-01-28 10:37:00,300070,"Imperial Wharf Station, Sands End",2026-01-28 10:40:00,300075,"Upcerne Road, West Chelsea",55266,CLASSIC,159781,300070,300075,False,2026-01-28,2026,1,10,637,2,Wednesday,False,False,True,Winter,2.6630166,False,"Working day, off peak",0.3928934154935368
155275046,2026-01-28 14:45:00,1197,"Sackville Street, Mayfair",2026-01-28 14:48:00,2688,"Clifford Street, Mayfair",52966,CLASSIC,142500,1197,2688,False,2026-01-28,2026,1,14,885,2,Wednesday,False,False,True,Winter,2.375,False,"Working day, off peak",0.25158826212364604
155286496,2026-01-28 20:37:00,200099,"Upper Bank Street, Canary Wharf",2026-01-28 20:47:00,200018,"Spindrift Avenue, Millwall",23124,CLASSIC,641648,200099,200018,False,2026-01-28,2026,1,20,1237,2,Wednesday,False,False,True,Winter,10.694134,False,"Working day, off peak",1.3355026799091432
155296007,2026-01-29 09:18:00,964,"Bath Street, St. Luke's",2026-01-29 09:30:00,1156,"Bedford Way, Bloomsbury",57223,CLASSIC,752884,964,1156,False,2026-01-29,2026,1,9,558,3,Thursday,False,False,True,Winter,12.548067,True,Morning peak,2.608139500403892
155297229,2026-01-29 09:59:00,1160,"Craven Street, Strand",2026-01-29 10:10:00,2691,"Howland Street, Fitzrovia",53873,CLASSIC,630822,1160,2691,False,2026-01-29,2026,1,9,599,3,Thursday,False,False,True,Winter,10.5137,True,Morning peak,1.6921272920917143
155302785,2026-01-29 15:05:00,1048,"Queen Victoria Street, St. Paul's",2026-01-29 15:16:00,2696,"Waterloo Station 1, Waterloo",22728,CLASSIC,684126,1048,2696,False,2026-01-29,2026,1,15,905,3,Thursday,False,False,True,Winter,11.4021,False,"Working day, off peak",1.4388160540908268
155312017,2026-01-29 19:39:00,1161,"Brushfield Street, Liverpool Street",2026-01-29 19:48:00,300083,"Duke Street Hill, London Bridge",57576,CLASSIC,487502,1161,300083,False,2026-01-29,2026,1,19,1179,3,Thursday,False,False,True,Winter,8.125033,True,Evening peak,1.5072113950974606
155315365,2026-01-29 23:42:00,300214,"Blackfriars Road, Southwark",2026-01-29 23:48:00,1061,"Stonecutter Street, Holborn",53810,CLASSIC,389178,300214,1061,False,2026-01-29,2026,1,23,1422,3,Thursday,False,False,True,Winter,6.4863,False,"Working day, off peak",1.1517535903027305
155315908,2026-01-30 05:59:00,1140,"Grosvenor Road, Pimlico",2026-01-30 06:07:00,1177,"Seville Street, Knightsbridge",62746,PBSC_EBIKE,484976,1140,1177,False,2026-01-30,2026,1,5,359,4,Friday,False,False,True,Winter,8.082933,True,Morning peak,2.180684561386876
155318119,2026-01-30 08:25:00,300091,"Hortensia Road, West Brompton",2026-01-30 08:30:00,200001,"Limerston Street, West Chelsea",56190,CLASSIC,286256,300091,200001,False,2026-01-30,2026,1,8,505,4,Friday,False,False,True,Winter,4.770933,True,Morning peak,0.510440303962238
155341528,2026-01-31 12:08:00,200062,"William Morris Way, Sands End",2026-01-31 12:19:00,300077,"Ingrave Street, Clapham Junction",51831,CLASSIC,652873,200062,300077,False,2026-01-31,2026,1,12,728,5,Saturday,True,False,False,Winter,10.881217,False,Weekend or holiday,0.8466737647670869
155361647,2026-02-01 14:13:00,1117,"Lambeth North Station, Waterloo",2026-02-01 14:20:00,1190,"Kennington Lane Rail Bridge, Vauxhall",59032,CLASSIC,468427,1117,1190,False,2026-02-01,2026,2,14,853,6,Sunday,True,False,False,Winter,7.8071165,False,Weekend or holiday,1.5966619504312949
155372307,2026-02-02 09:06:00,1138,"Elizabeth Bridge, Victoria",2026-02-02 09:12:00,1114,"Pont Street, Knightsbridge",62855,PBSC_EBIKE,335277,1138,1114,False,2026-02-02,2026,2,9,546,0,Monday,False,False,True,Winter,5.58795,True,Morning peak,1.0747475131448834
155373561,2026-02-02 09:57:00,200007,"Holden Street, Battersea",2026-02-02 10:02:00,200175,"Wandsworth Rd, Isley Court, Wandsworth Road",58847,CLASSIC,290190,200007,200175,False,2026-02-02,2026,2,9,597,0,Monday,False,False,True,Winter,4.8365,True,Morning peak,1.1384290122464742
155390806,2026-02-03 06:43:00,1033,"Paddington Street, Marylebone",2026-02-03 06:49:00,995,"Little Argyll Street, West End",52496,CLASSIC,370307,1033,995,False,2026-02-03,2026,2,6,403,1,Tuesday,False,False,True,Winter,6.1717834,True,Morning peak,1.14095466096663
155392749,2026-02-03 08:05:00,300027,"Mile End Park Leisure Centre, Mile End",2026-02-03 08:19:00,200072,"Houndsditch, Aldgate",51896,CLASSIC,827443,300027,200072,False,2026-02-03,2026,2,8,485,1,Tuesday,False,False,True,Winter,13.790717,True,Morning peak,3.1616686862166685
155417909,2026-02-04 11:34:00,200098,"Aintree Street, Fulham",2026-02-04 11:58:00,200179,"Silverthorne Road, Battersea",53652,CLASSIC,1434876,200098,200179,False,2026-02-04,2026,2,11,694,2,Wednesday,False,False,True,Winter,23.9146,False,"Working day, off peak",4.3827418346556595
155430009,2026-02-04 18:50:00,300002,"Brook Green South, Brook Green",2026-02-04 19:03:00,1183,"Bramham Gardens, Earl's Court",54969,CLASSIC,734793,300002,1183,False,2026-02-04,2026,2,18,1130,2,Wednesday,False,False,True,Winter,12.24655,True,Evening peak,1.8197374642809634
155430952,2026-02-04 19:18:00,1163,"Wardour Street, Soho",2026-02-04 19:50:00,991,"Crosswall, Tower",52809,CLASSIC,1956190,1163,991,False,2026-02-04,2026,2,19,1158,2,Wednesday,False,False,True,Winter,32.60317,True,Evening peak,3.882207994284883
155447050,2026-02-05 16:15:00,1048,"Queen Victoria Street, St. Paul's",2026-02-05 16:25:00,2692,"Waterloo Station 2, Waterloo",56733,CLASSIC,553091,1048,2692,False,2026-02-05,2026,2,16,975,3,Thursday,False,False,True,Winter,9.2181835,False,"Working day, off peak",1.4225112773719548
155453007,2026-02-05 21:56:00,3432,"Farringdon Lane, Clerkenwell",2026-02-05 22:07:00,1200,"Ontario Street, Elephant & Castle",53029,CLASSIC,675497,3432,1200,False,2026-02-05,2026,2,21,1316,3,Thursday,False,False,True,Winter,11.258284,False,"Working day, off peak",3.0406119775513822
155453315,2026-02-05 22:21:00,1182,"Notting Hill Gate Station, Notting Hill",2026-02-05 22:28:00,1128,"Westbourne Green, Westbourne",24468,CLASSIC,395932,1182,1128,False,2026-02-05,2026,2,22,1341,3,Thursday,False,False,True,Winter,6.5988665,False,"Working day, off peak",1.4466686423613864
155455813,2026-02-06 07:56:00,3494,"Foley Street, Fitzrovia",2026-02-06 07:58:00,1164,"Portland Place, Marylebone",58797,CLASSIC,131201,3494,1164,False,2026-02-06,2026,2,7,476,4,Friday,False,False,True,Winter,2.1866834,True,Morning peak,0.3688080820608776
155457922,2026-02-06 08:58:00,300005,"Ethelburga Estate, Battersea Park",2026-02-06 09:05:00,300014,"Falcon Road, Clapham Junction",57223,CLASSIC,424699,300005,300014,False,2026-02-06,2026,2,8,538,4,Friday,False,False,True,Winter,7.0783167,True,Morning peak,1.2354681599756232
155469531,2026-02-06 18:49:00,200250,"Cleveland Way, Stepney",2026-02-06 19:06:00,200152,"Pitfield Street North,Hoxton",58995,CLASSIC,1032254,200250,200152,False,2026-02-06,2026,2,18,1129,4,Friday,False,False,True,Winter,17.204233,True,Evening peak,2.70083484912142
155476646,2026-02-07 10:32:00,300009,"World's End Place, West Chelsea",2026-02-07 10:34:00,300058,"The Vale, Chelsea",57804,CLASSIC,126192,300009,300058,False,2026-02-07,2026,2,10,632,5,Saturday,True,False,False,Winter,2.1032,False,Weekend or holiday,0.520383398358162
155508685,2026-02-09 08:08:00,200156,"Pott Street, Bethnal Green",2026-02-09 08:23:00,300208,"Lavington Street, Bankside",62596,PBSC_EBIKE,869283,200156,300208,False,2026-02-09,2026,2,8,488,0,Monday,False,False,True,Winter,14.48805,True,Morning peak,3.689999213162468
155530586,2026-02-09 23:43:00,1023,"River Street , Clerkenwell",2026-02-09 23:48:00,300031,"Islington Green, Angel",59828,CLASSIC,266281,1023,300031,False,2026-02-09,2026,2,23,1423,0,Monday,False,False,True,Winter,4.438017,False,"Working day, off peak",0.9453251335399676
155536147,2026-02-10 08:38:00,1011,"Argyle Street, Kings Cross",2026-02-10 08:48:00,3495,"Wells Street, Fitzrovia",20134,CLASSIC,614503,1011,3495,False,2026-02-10,2026,2,8,518,1,Tuesday,False,False,True,Winter,10.241716,True,Morning peak,1.6605087367565905
155537398,2026-02-10 08:55:00,3486,"St. Luke's Church, Chelsea",2026-02-10 08:57:00,3461,"Sloane Avenue, Knightsbridge",53468,CLASSIC,116024,3486,3461,False,2026-02-10,2026,2,8,535,1,Tuesday,False,False,True,Winter,1.9337333,True,Morning peak,0.4172077161575568
155543872,2026-02-10 14:18:00,1009,"Taviton Street, Bloomsbury",2026-02-10 14:31:00,3477,"Porchester Place, Paddington",59915,CLASSIC,750744,1009,3477,False,2026-02-10,2026,2,14,858,1,Tuesday,False,False,True,Winter,12.5124,False,"Working day, off peak",2.61683632331687
155544649,2026-02-10 15:12:00,200174,"Mostyn Grove, Bow",2026-02-10 15:18:00,200041,"Antill Road, Mile End",23008,CLASSIC,368791,200174,200041,False,2026-02-10,2026,2,15,912,1,Tuesday,False,False,True,Winter,6.146517,False,"Working day, off peak",0.8675870929996041
155564877,2026-02-11 18:25:00,300068,"Humbolt Road, Fulham",2026-02-11 18:36:00,200141,"Westfield Ariel Way, White City",62174,PBSC_EBIKE,670229,300068,200141,False,2026-02-11,2026,2,18,1105,2,Wednesday,False,False,True,Winter,11.170484,True,Evening peak,3.0064435980975452
155572422,2026-02-12 08:03:00,1229,"High Holborn , Covent Garden",2026-02-12 08:25:00,3477,"Porchester Place, Paddington",58746,CLASSIC,1337737,1229,3477,False,2026-02-12,2026,2,8,483,3,Thursday,False,False,True,Winter,22.295616,True,Morning peak,2.8365882530633
155581970,2026-02-12 14:03:00,22172,"Bromley High Street, Bow",2026-02-12 14:16:00,200148,"Ansell House, Stepney",53858,CLASSIC,803034,22172,200148,False,2026-02-12,2026,2,14,843,3,Thursday,False,False,True,Winter,13.3839,False,"Working day, off peak",3.0088602770679658
155590557,2026-02-12 21:27:00,200115,"Flamborough Street, Limehouse",2026-02-12 21:29:00,200013,"Aston Street, Stepney",53575,CLASSIC,101416,200115,200013,False,2026-02-12,2026,2,21,1287,3,Thursday,False,False,True,Winter,1.6902666,False,"Working day, off peak",0.34823515508637914
155594228,2026-02-13 08:06:00,200001,"Limerston Street, West Chelsea",2026-02-13 08:13:00,200069,"Knaresborough Place, Earl's Court",50028,CLASSIC,381453,200001,200069,False,2026-02-13,2026,2,8,486,4,Friday,False,False,True,Winter,6.35755,True,Morning peak,1.106699774157305
155605067,2026-02-13 16:32:00,2666,"Howick Place, Westminster",2026-02-13 16:36:00,22161,"Vincent Street, Pimlico",58874,CLASSIC,277722,2666,22161,False,2026-02-13,2026,2,16,992,4,Friday,False,False,True,Winter,4.6287,False,"Working day, off peak",0.7343998260417323
155611147,2026-02-13 20:31:00,984,"Finsbury Circus, Liverpool Street",2026-02-13 20:42:00,959,"Milroy Walk, South Bank",56466,CLASSIC,661503,984,959,False,2026-02-13,2026,2,20,1231,4,Friday,False,False,True,Winter,11.02505,False,"Working day, off peak",1.7394549056325044
155619801,2026-02-14 12:44:00,3496,"St Mary's Hospital, Paddington",2026-02-14 12:52:00,1217,"Serpentine Car Park, Hyde Park",57172,CLASSIC,476001,3496,1217,False,2026-02-14,2026,2,12,764,5,Saturday,True,False,False,Winter,7.93335,False,Weekend or holiday,1.4799870049482737
155621580,2026-02-14 13:50:00,1075,"Hyde Park Corner, Hyde Park",2026-02-14 14:02:00,1075,"Hyde Park Corner, Hyde Park",63087,PBSC_EBIKE,749224,1075,1075,True,2026-02-14,2026,2,13,830,5,Saturday,True,False,False,Winter,12.487066,False,Weekend or holiday,0.0
155631496,2026-02-14 23:48:00,2688,"Clifford Street, Mayfair",2026-02-15 00:47:00,1109,"Wellington Arch, Hyde Park",62100,PBSC_EBIKE,3552429,2688,1109,False,2026-02-14,2026,2,23,1428,5,Saturday,True,False,False,Winter,59.20715,False,Weekend or holiday,1.012884818320947
155634780,2026-02-15 14:01:00,300037,"Ravenscourt Park Station, Hammersmith",2026-02-15 14:23:00,1113,"Trebovir Road, Earl's Court",59886,CLASSIC,1279791,300037,1113,False,2026-02-15,2026,2,14,841,6,Sunday,True,False,False,Winter,21.32985,False,Weekend or holiday,2.8356110944184065
155643804,2026-02-16 08:23:00,300007,"Rifle Place, Avondale",2026-02-16 08:29:00,200154,"Hansard Mews, Holland Park",21281,CLASSIC,378042,300007,200154,False,2026-02-16,2026,2,8,503,0,Monday,False,False,True,Winter,6.3007,True,Morning peak,0.6030707366087104
155656442,2026-02-16 17:55:00,1123,"Southampton Place, Holborn",2026-02-16 18:03:00,300211,"Ossulston Street, Somers Town",55130,CLASSIC,495846,1123,300211,False,2026-02-16,2026,2,17,1075,0,Monday,False,False,True,Winter,8.2641,True,Evening peak,1.3863923058123069
155664634,2026-02-17 07:43:00,200046,"Napier Avenue, Millwall",2026-02-17 08:13:00,999,"Queen Street 1, Bank",57504,CLASSIC,1814628,200046,999,False,2026-02-17,2026,2,7,463,1,Tuesday,False,False,True,Winter,30.2438,True,Morning peak,5.6076446390478685
155667882,2026-02-17 08:43:00,1105,"LMU Commercial Road, Whitechapel",2026-02-17 08:52:00,22180,"Cheapside, Bank",30574,CLASSIC,557729,1105,22180,False,2026-02-17,2026,2,8,523,1,Tuesday,False,False,True,Winter,9.295484,True,Morning peak,1.8618352245741185
155700229,2026-02-18 14:07:00,200210,"Westbridge Road, Battersea",2026-02-18 14:42:00,300051,"Hibbert Street, Battersea",50703,CLASSIC,2094115,200210,300051,False,2026-02-18,2026,2,14,847,2,Wednesday,False,False,True,Winter,34.901917,False,"Working day, off peak",1.5562056669682767
155712437,2026-02-19 08:17:00,200173,"Courland Grove, Wandsworth Road",2026-02-19 08:33:00,200231,"Abingdon Green, Westminster",57675,CLASSIC,955826,200173,200231,False,2026-02-19,2026,2,8,497,3,Thursday,False,False,True,Winter,15.930433,True,Morning peak,2.7815376090241055
155743518,2026-02-20 15:24:00,1182,"Notting Hill Gate Station, Notting Hill",2026-02-20 15:29:00,3491,"Princes Square, Bayswater",55230,CLASSIC,274239,1182,3491,False,2026-02-20,2026,2,15,924,4,Friday,False,False,True,Winter,4.57065,False,"Working day, off peak",0.5784991201718375
155746501,2026-02-20 17:47:00,2698,"Aberdeen Place, St. John's Wood",2026-02-20 17:53:00,200198,"Seymour Place, Marylebone",22888,CLASSIC,382518,2698,200198,False,2026-02-20,2026,2,17,1067,4,Friday,False,False,True,Winter,6.3753,True,Evening peak,1.004929111963872
155763474,2026-02-21 16:06:00,300033,"Putney Rail Station, Putney",2026-02-21 16:10:00,200063,"Mexfield Road, East Putney",55366,CLASSIC,212579,300033,200063,False,2026-02-21,2026,2,16,966,5,Saturday,True,False,False,Winter,3.5429833,False,Weekend or holiday,1.0449260323042215
155766899,2026-02-21 19:07:00,996,"Borough High Street, The Borough",2026-02-21 19:23:00,200256,"Sutton Street, Shadwell",59497,CLASSIC,1000405,996,200256,False,2026-02-21,2026,2,19,1147,5,Saturday,True,False,False,Winter,16.673416,False,Weekend or holiday,3.0609101837402592
155794491,2026-02-23 10:50:00,3465,"Eccleston Place, Victoria",2026-02-23 11:00:00,1002,"Holy Trinity Brompton, Knightsbridge",42245,CLASSIC,570435,3465,1002,False,2026-02-23,2026,2,10,650,0,Monday,False,False,True,Winter,9.50725,False,"Working day, off peak",1.5139765886100252
155795408,2026-02-23 11:56:00,200116,"Vereker Road, West Kensington",2026-02-23 12:02:00,200059,"Crisp Road, Hammersmith",57828,CLASSIC,369509,200116,200059,False,2026-02-23,2026,2,11,716,0,Monday,False,False,True,Winter,6.1584835,False,"Working day, off peak",1.204166511861675
155797212,2026-02-23 13:48:00,1077,"Royal London Hospital, Whitechapel",2026-02-23 13:53:00,1062,"Braham Street, Aldgate",41893,CLASSIC,311812,1077,1062,False,2026-02-23,2026,2,13,828,0,Monday,False,False,True,Winter,5.1968665,False,"Working day, off peak",0.9916548234048421
155803486,2026-02-23 18:11:00,22180,"Cheapside, Bank",2026-02-23 18:20:00,1209,"Empire Square, The Borough",50853,CLASSIC,526462,22180,1209,False,2026-02-23,2026,2,18,1091,0,Monday,False,False,True,Winter,8.774366,True,Evening peak,1.4785604552990799
155812412,2026-02-24 07:58:00,200234,"Bancroft Road, Bethnal Green",2026-02-24 08:00:00,200234,"Bancroft Road, Bethnal Green",60168,PBSC_EBIKE,109820,200234,200234,True,2026-02-24,2026,2,7,478,1,Tuesday,False,False,True,Winter,1.8303334,True,Morning peak,0.0
155812742,2026-02-24 08:04:00,22179,"Exhibition Road, Knightsbridge",2026-02-24 08:20:00,2691,"Howland Street, Fitzrovia",23062,CLASSIC,999727,22179,2691,False,2026-02-24,2026,2,8,484,1,Tuesday,False,False,True,Winter,16.662117,True,Morning peak,3.397253695853596
155825758,2026-02-24 16:27:00,1063,"Wood Street, Guildhall",2026-02-24 17:00:00,200176,"Sheepcote Lane, Battersea",55876,CLASSIC,1933504,1063,200176,False,2026-02-24,2026,2,16,987,1,Tuesday,False,False,True,Winter,32.225067,False,"Working day, off peak",7.044286556324623
155833548,2026-02-24 19:12:00,1153,"Pall Mall East, West End",2026-02-24 19:23:00,1103,"Gloucester Street, Pimlico",41566,CLASSIC,689674,1153,1103,False,2026-02-24,2026,2,19,1152,1,Tuesday,False,False,True,Winter,11.494567,True,Evening peak,1.9684490341340508
155837424,2026-02-24 22:31:00,300019,"Felsham Road, Putney",2026-02-24 22:38:00,200113,"Smugglers Way, Wandsworth",60457,PBSC_EBIKE,392493,300019,200113,False,2026-02-24,2026,2,22,1351,1,Tuesday,False,False,True,Winter,6.54155,False,"Working day, off peak",1.705876442789314
155850225,2026-02-25 12:22:00,300228,"Westferry Circus, Canary Wharf",2026-02-25 12:36:00,200049,"St. Katharine's Way, Tower",22721,CLASSIC,829678,300228,200049,False,2026-02-25,2026,2,12,742,2,Wednesday,False,False,True,Winter,13.827967,False,"Working day, off peak",2.9601892208393354
155871777,2026-02-26 07:51:00,2683,"Millbank Tower, Pimlico",2026-02-26 07:57:00,300249,"Westminster Pier, Westminster",50752,CLASSIC,355685,2683,300249,False,2026-02-26,2026,2,7,471,3,Thursday,False,False,True,Winter,5.9280834,True,Morning peak,1.0783360995649731
155884608,2026-02-26 15:49:00,200141,"Westfield Ariel Way, White City",2026-02-26 15:56:00,1214,"Kensington Olympia Station, Olympia",62715,PBSC_EBIKE,431492,200141,1214,False,2026-02-26,2026,2,15,949,3,Thursday,False,False,True,Winter,7.1915336,False,"Working day, off peak",1.5870726651907152
155916540,2026-02-27 19:02:00,300214,"Blackfriars Road, Southwark",2026-02-27 19:34:00,200057,"Belford House, Haggerston",56808,CLASSIC,1959962,300214,200057,False,2026-02-27,2026,2,19,1142,4,Friday,False,False,True,Winter,32.666035,True,Evening peak,4.203059691405308
155924885,2026-02-28 11:13:00,995,"Little Argyll Street, West End",2026-02-28 11:23:00,1090,"Warren Street Station, Euston",55749,CLASSIC,576623,995,1090,False,2026-02-28,2026,2,11,673,5,Saturday,True,False,False,Winter,9.610383,False,Weekend or holiday,1.1299845685334216
155929742,2026-02-28 14:24:00,200247,"Globe Town Market, Bethnal Green",2026-02-28 14:44:00,300233,"Aquatic Centre, Queen Elizabeth Olympic Park",57526,CLASSIC,1170207,200247,300233,False,2026-02-28,2026,2,14,864,5,Saturday,True,False,False,Winter,19.50345,False,Weekend or holiday,2.9250245915156547
155933697,2026-02-28 16:57:00,200098,"Aintree Street, Fulham",2026-02-28 17:01:00,200184,"Erin Close, Walham Green",54418,CLASSIC,254815,200098,200184,False,2026-02-28,2026,2,16,1017,5,Saturday,True,False,False,Winter,4.246917,False,Weekend or holiday,0.9982276485382485
155947974,2026-03-01 14:37:00,1197,"Sackville Street, Mayfair",2026-03-01 15:10:00,1200,"Ontario Street, Elephant & Castle",53793,CLASSIC,1969526,1197,1200,False,2026-03-01,2026,3,14,877,6,Sunday,True,False,False,Spring,32.82543,False,Weekend or holiday,2.997689809544062
155949278,2026-03-01 15:39:00,1075,"Hyde Park Corner, Hyde Park",2026-03-01 16:24:00,1157,"Black Lion Gate, Kensington Gardens",62627,PBSC_EBIKE,2737806,1075,1157,False,2026-03-01,2026,3,15,939,6,Sunday,True,False,False,Spring,45.6301,False,Weekend or holiday,2.4925798480135404
155980819,2026-03-02 20:07:00,200126,"Usk Road, Clapham Junction",2026-03-02 20:19:00,300042,"Upper Richmond Road, Putney",60237,PBSC_EBIKE,674647,200126,300042,False,2026-03-02,2026,3,20,1207,0,Monday,False,False,True,Spring,11.244117,False,"Working day, off peak",2.1215967084115994
155986093,2026-03-03 07:44:00,300242,"Allington Street, Victoria",2026-03-03 07:50:00,1067,"St. James's Square, St. James's",51199,CLASSIC,373724,300242,1067,False,2026-03-03,2026,3,7,464,1,Tuesday,False,False,True,Spring,6.2287335,True,Morning peak,1.3079967904077643
156010179,2026-03-03 19:47:00,200069,"Knaresborough Place, Earl's Court",2026-03-03 19:50:00,1094,"Wright's Lane, Kensington",60418,PBSC_EBIKE,194715,200069,1094,False,2026-03-03,2026,3,19,1187,1,Tuesday,False,False,True,Spring,3.24525,True,Evening peak,0.7714536240924323
156061761,2026-03-05 16:51:00,3461,"Sloane Avenue, Knightsbridge",2026-03-05 17:11:00,200153,"Blythe Road, Olympia",52338,CLASSIC,1186626,3461,200153,False,2026-03-05,2026,3,16,1011,3,Thursday,False,False,True,Spring,19.7771,False,"Working day, off peak",3.184526161122484
156064932,2026-03-05 17:50:00,2688,"Clifford Street, Mayfair",2026-03-05 18:16:00,3444,"Penywern Road, Earl's Court",56765,CLASSIC,1533228,2688,3444,False,2026-03-05,2026,3,17,1070,3,Thursday,False,False,True,Spring,25.5538,True,Evening peak,4.060244574122146
156078256,2026-03-06 08:43:00,995,"Little Argyll Street, West End",2026-03-06 08:46:00,1164,"Portland Place, Marylebone",54338,CLASSIC,187976,995,1164,False,2026-03-06,2026,3,8,523,4,Friday,False,False,True,Spring,3.1329334,True,Morning peak,0.7392157000382419
156105555,2026-03-07 16:28:00,1163,"Wardour Street, Soho",2026-03-07 16:46:00,300015,"Binfield Road, Stockwell",62627,PBSC_EBIKE,1078146,1163,300015,False,2026-03-07,2026,3,16,988,5,Saturday,True,False,False,Spring,17.9691,False,Weekend or holiday,4.5060252379841925
156122309,2026-03-08 14:28:00,3420,"Sedding Street, Sloane Square",2026-03-08 14:42:00,3486,"St. Luke's Church, Chelsea",41739,CLASSIC,799544,3420,3486,False,2026-03-08,2026,3,14,868,6,Sunday,True,False,False,Spring,13.325733,False,Weekend or holiday,0.9971410484257907
156131064,2026-03-08 23:44:00,300034,"St. Mark's Road, North Kensington",2026-03-08 23:47:00,300022,"Evesham Street, Avondale",23062,CLASSIC,198041,300034,300022,False,2026-03-08,2026,3,23,1424,6,Sunday,True,False,False,Spring,3.3006833,False,Weekend or holiday,0.6690978818806018
156148063,2026-03-09 17:11:00,200206,"Chicheley Street, South Bank",2026-03-09 17:17:00,2703,"Fire Brigade Pier, Vauxhall",50110,CLASSIC,396140,200206,2703,False,2026-03-09,2026,3,17,1031,0,Monday,False,False,True,Spring,6.6023335,True,Evening peak,1.051077959178854
156161242,2026-03-10 07:51:00,200034,"Wapping Lane, Wapping",2026-03-10 08:14:00,300234,"Stratford Station, Stratford",20753,CLASSIC,1388604,200034,300234,False,2026-03-10,2026,3,7,471,1,Tuesday,False,False,True,Spring,23.1434,True,Morning peak,5.502536060611713
156185073,2026-03-10 19:54:00,1163,"Wardour Street, Soho",2026-03-10 20:27:00,1096,"Bayswater Road, Hyde Park",59787,CLASSIC,1983452,1163,1096,False,2026-03-10,2026,3,19,1194,1,Tuesday,False,False,True,Spring,33.057533,True,Evening peak,2.852544523199172
156196225,2026-03-11 09:22:00,200202,"Storey's Gate, Westminster",2026-03-11 10:01:00,3429,"Abbey Orchard Street, Westminster",63112,PBSC_EBIKE,2358039,200202,3429,False,2026-03-11,2026,3,9,562,2,Wednesday,False,False,True,Spring,39.30065,True,Morning peak,0.33146029311676445
156227559,2026-03-12 10:35:00,989,"Murray Grove , Hoxton",2026-03-12 10:42:00,1053,"Clerkenwell Green, Clerkenwell",54212,CLASSIC,407852,989,1053,False,2026-03-12,2026,3,10,635,3,Thursday,False,False,True,Spring,6.7975335,False,"Working day, off peak",1.3364184928734457
156243869,2026-03-12 21:53:00,966,"New Kent Road, The Borough",2026-03-12 21:59:00,3448,"Webber Street , Southwark",23302,CLASSIC,331028,966,3448,False,2026-03-12,2026,3,21,1313,3,Thursday,False,False,True,Spring,5.517133,False,"Working day, off peak",0.9418153720662722
156252367,2026-03-13 10:51:00,200018,"Spindrift Avenue, Millwall",2026-03-13 10:55:00,200031,"East Ferry Road, Cubitt Town",58667,CLASSIC,193391,200018,200031,False,2026-03-13,2026,3,10,651,4,Friday,False,False,True,Spring,3.2231834,False,"Working day, off peak",0.47975621856774653
156263445,2026-03-13 18:21:00,300230,"Wynne Road, Stockwell",2026-03-13 18:48:00,1008,"Hatton Wall, Holborn",51716,CLASSIC,1599629,300230,1008,False,2026-03-13,2026,3,18,1101,4,Friday,False,False,True,Spring,26.660482,True,Evening peak,5.8370687667051655
156266751,2026-03-13 20:34:00,300031,"Islington Green, Angel",2026-03-13 20:45:00,973,"Bethnal Green Road, Shoreditch",50611,CLASSIC,682145,300031,973,False,2026-03-13,2026,3,20,1234,4,Friday,False,False,True,Spring,11.369083,False,"Working day, off peak",2.399569380372145
156271472,2026-03-14 09:31:00,1023,"River Street , Clerkenwell",2026-03-14 09:48:00,300081,"Haggerston Road, Haggerston",57108,CLASSIC,991007,1023,300081,False,2026-03-14,2026,3,9,571,5,Saturday,True,False,False,Spring,16.516783,False,Weekend or holiday,2.7148291541416136
156278144,2026-03-14 13:36:00,1226,"Macclesfield Rd, St Lukes",2026-03-14 13:47:00,999,"Queen Street 1, Bank",55317,CLASSIC,639057,1226,999,False,2026-03-14,2026,3,13,816,5,Saturday,True,False,False,Spring,10.65095,False,Weekend or holiday,2.008010035989444
156279028,2026-03-14 14:01:00,200237,"Parson's Green , Parson's Green",2026-03-14 14:03:00,200040,"Broomhouse Lane, Parsons Green",62195,PBSC_EBIKE,115586,200237,200040,False,2026-03-14,2026,3,14,841,5,Saturday,True,False,False,Spring,1.9264333,False,Weekend or holiday,0.4912014195140503
156285822,2026-03-14 17:46:00,1050,"Park Road (Baker Street), The Regent's Park",2026-03-14 17:52:00,200008,"Portman Square, Marylebone",56015,CLASSIC,309584,1050,200008,False,2026-03-14,2026,3,17,1066,5,Saturday,True,False,False,Spring,5.1597333,False,Weekend or holiday,0.9544797592592698
156291749,2026-03-15 01:39:00,300253,"Bermondsey Station, Bermondsey",2026-03-15 01:44:00,300062,"South Bermondsey Station, Bermondsey",52103,CLASSIC,329056,300253,300062,False,2026-03-15,2026,3,1,99,6,Sunday,True,False,False,Spring,5.4842668,False,Weekend or holiday,1.1722838230731192
156295037,2026-03-15 10:53:00,300005,"Ethelburga Estate, Battersea Park",2026-03-15 11:44:00,300089,"Ormonde Gate, Chelsea",41702,CLASSIC,3068917,300005,300089,False,2026-03-15,2026,3,10,653,6,Sunday,True,False,False,Spring,51.148617,False,Weekend or holiday,1.2049703246426993
156311456,2026-03-16 08:41:00,200179,"Silverthorne Road, Battersea",2026-03-16 08:53:00,200010,"Manresa Road, Chelsea",53849,CLASSIC,715939,200179,200010,False,2026-03-16,2026,3,8,521,0,Monday,False,False,True,Spring,11.932317,True,Morning peak,2.225522655667639
156315138,2026-03-16 10:53:00,1077,"Royal London Hospital, Whitechapel",2026-03-16 11:00:00,200013,"Aston Street, Stepney",56299,CLASSIC,371840,1077,200013,False,2026-03-16,2026,3,10,653,0,Monday,False,False,True,Spring,6.1973333,False,"Working day, off peak",1.5738148148149713
156335940,2026-03-17 08:12:00,2587,"Wormwood Street, Liverpool Street",2026-03-17 08:20:00,1142,"Tooley Street, Bermondsey",55642,CLASSIC,484003,2587,1142,False,2026-03-17,2026,3,8,492,1,Tuesday,False,False,True,Spring,8.066716,True,Morning peak,1.4211309483902386
156339339,2026-03-17 09:01:00,1195,"St. George's Square, Pimlico",2026-03-17 09:23:00,200128,"Queen Street 2, Bank",53188,CLASSIC,1339704,1195,200128,False,2026-03-17,2026,3,9,541,1,Tuesday,False,False,True,Spring,22.3284,True,Morning peak,3.903978031684175
156342751,2026-03-17 11:19:00,3445,"Shoreditch High Street, Shoreditch",2026-03-17 11:33:00,1142,"Tooley Street, Bermondsey",59891,CLASSIC,834052,3445,1142,False,2026-03-17,2026,3,11,679,1,Tuesday,False,False,True,Spring,13.9008665,False,"Working day, off peak",2.5466727076821543
156343545,2026-03-17 12:03:00,3460,"Warwick Square, Pimlico",2026-03-17 12:31:00,3460,"Warwick Square, Pimlico",55055,CLASSIC,1698081,3460,3460,True,2026-03-17,2026,3,12,723,1,Tuesday,False,False,True,Spring,28.30135,False,"Working day, off peak",0.0
156368608,2026-03-18 08:32:00,1173,"Gloucester Terrace, Bayswater",2026-03-18 08:49:00,1034,"Bruton Street, Mayfair",41983,CLASSIC,1042337,1173,1034,False,2026-03-18,2026,3,8,512,2,Wednesday,False,False,True,Spring,17.372284,True,Morning peak,3.1432771897942033
156387357,2026-03-18 18:02:00,999,"Queen Street 1, Bank",2026-03-18 18:21:00,200074,"Bury Place, Holborn",50627,CLASSIC,1100094,999,200074,False,2026-03-18,2026,3,18,1082,2,Wednesday,False,False,True,Spring,18.3349,True,Evening peak,2.1924920005259936
156431813,2026-03-20 08:28:00,300014,"Falcon Road, Clapham Junction",2026-03-20 08:43:00,1180,"Bourne Street, Belgravia",62928,PBSC_EBIKE,902983,300014,1180,False,2026-03-20,2026,3,8,508,4,Friday,False,False,True,Spring,15.049717,True,Morning peak,2.938756759387075
156436216,2026-03-20 10:50:00,1068,"Norton Folgate, Liverpool Street",2026-03-20 10:55:00,1211,"Bunhill Row, Moorgate",58955,CLASSIC,254894,1068,1211,False,2026-03-20,2026,3,10,650,4,Friday,False,False,True,Spring,4.2482333,False,"Working day, off peak",0.7628470487158258
156441696,2026-03-20 14:42:00,200156,"Pott Street, Bethnal Green",2026-03-20 14:50:00,1161,"Brushfield Street, Liverpool Street",50903,CLASSIC,457459,200156,1161,False,2026-03-20,2026,3,14,882,4,Friday,False,False,True,Spring,7.6243167,False,"Working day, off peak",1.7322139360277258
156492681,2026-03-22 15:17:00,1022,"Brunswick Square, Bloomsbury",2026-03-22 15:57:00,200165,"Wellington Row, Bethnal Green",59103,CLASSIC,2397372,1022,200165,False,2026-03-22,2026,3,15,917,6,Sunday,True,False,False,Spring,39.9562,False,Weekend or holiday,3.6806792796833063
156503065,2026-03-23 07:36:00,1046,"Vauxhall Bridge , Pimlico",2026-03-23 08:01:00,300018,"Charing Cross Hospital, Hammersmith",63321,PBSC_EBIKE,1463091,1046,300018,False,2026-03-23,2026,3,7,456,0,Monday,False,False,True,Spring,24.38485,True,Morning peak,6.138100440288425
156521443,2026-03-23 17:56:00,1007,"Drury Lane, Covent Garden",2026-03-23 18:12:00,300060,"Brandon Street, Walworth",52042,CLASSIC,911905,1007,300060,False,2026-03-23,2026,3,17,1076,0,Monday,False,False,True,Spring,15.198417,True,Evening peak,3.5571315300709334
156523773,2026-03-23 18:39:00,300229,"Sidney Road, Stockwell",2026-03-23 18:42:00,300015,"Binfield Road, Stockwell",51432,CLASSIC,175029,300229,300015,False,2026-03-23,2026,3,18,1119,0,Monday,False,False,True,Spring,2.91715,True,Evening peak,0.45257608441971275
156532631,2026-03-24 08:05:00,200167,"Twig Folly Bridge, Mile End",2026-03-24 08:16:00,3501,"Clifton Street, Shoreditch",51353,CLASSIC,647896,200167,3501,False,2026-03-24,2026,3,8,485,1,Tuesday,False,False,True,Spring,10.798266,True,Morning peak,2.900014458426954
156532649,2026-03-24 08:05:00,1203,"Eastbourne Mews, Paddington",2026-03-24 08:32:00,3421,"Red Lion Square, Holborn",56598,CLASSIC,1608276,1203,3421,False,2026-03-24,2026,3,8,485,1,Tuesday,False,False,True,Spring,26.8046,True,Morning peak,4.16596303427204
156535836,2026-03-24 08:50:00,3467,"Dock Street, Wapping",2026-03-24 08:54:00,1062,"Braham Street, Aldgate",58725,CLASSIC,261486,3467,1062,False,2026-03-24,2026,3,8,530,1,Tuesday,False,False,True,Spring,4.3581,True,Morning peak,0.6188064816743852
156581422,2026-03-25 21:11:00,3433,"Sadlers Sports Centre, Finsbury",2026-03-25 21:15:00,1146,"Tysoe Street, Clerkenwell",53349,CLASSIC,210000,3433,1146,False,2026-03-25,2026,3,21,1271,2,Wednesday,False,False,True,Spring,3.5,False,"Working day, off peak",0.6980228249753484
156605484,2026-03-26 18:17:00,3430,"Central House, Aldgate",2026-03-26 18:22:00,200148,"Ansell House, Stepney",51202,CLASSIC,322886,3430,200148,False,2026-03-26,2026,3,18,1097,3,Thursday,False,False,True,Spring,5.3814335,True,Evening peak,1.21413960273961
156612515,2026-03-27 00:54:00,1166,"Bell Street , Marylebone",2026-03-27 01:41:00,1166,"Bell Street , Marylebone",52427,CLASSIC,2816548,1166,1166,True,2026-03-27,2026,3,0,54,4,Friday,False,False,True,Spring,46.942467,False,"Working day, off peak",0.0
156627104,2026-03-27 17:04:00,1216,"Swan Street, The Borough",2026-03-27 17:09:00,1133,"Baylis Road, Waterloo",21672,CLASSIC,277070,1216,1133,False,2026-03-27,2026,3,17,1024,4,Friday,False,False,True,Spring,4.617833,True,Evening peak,1.2481287763346827
156629487,2026-03-27 18:20:00,200060,"Drayton Gardens, West Chelsea",2026-03-27 18:56:00,1174,"Alderney Street, Pimlico",63266,PBSC_EBIKE,2111862,200060,1174,False,2026-03-27,2026,3,18,1100,4,Friday,False,False,True,Spring,35.1977,True,Evening peak,2.676287119104945
156643873,2026-03-28 13:51:00,300083,"Duke Street Hill, London Bridge",2026-03-28 14:04:00,300059,"The Blue, Bermondsey",59319,CLASSIC,804743,300083,300059,False,2026-03-28,2026,3,13,831,5,Saturday,True,False,False,Spring,13.412383,False,Weekend or holiday,2.321025536825854
156651676,2026-03-28 18:39:00,1025,"Bolsover Street, Fitzrovia",2026-03-28 18:45:00,1009,"Taviton Street, Bloomsbury",58283,CLASSIC,384988,1025,1009,False,2026-03-28,2026,3,18,1119,5,Saturday,True,False,False,Spring,6.4164667,False,Weekend or holiday,0.8781552722317088
156654966,2026-03-28 22:57:00,200079,"Ram Street, Wandsworth",2026-03-28 23:18:00,200194,"Clarence Walk, Stockwell",57991,CLASSIC,1219566,200079,200194,False,2026-03-28,2026,3,22,1377,5,Saturday,True,False,False,Spring,20.3261,False,Weekend or holiday,4.747420662793262
156655727,2026-03-29 00:54:00,300069,"Harcourt Terrace, West Brompton",2026-03-29 02:23:00,1040,"West Smithfield Rotunda, Farringdon",60472,PBSC_EBIKE,1760599,300069,1040,False,2026-03-29,2026,3,0,54,6,Sunday,True,False,False,Spring,29.343317,False,Weekend or holiday,6.874696438184433
156662162,2026-03-29 13:26:00,1132,"Albert Gate, Hyde Park",2026-03-29 13:56:00,1037,"Park Lane , Hyde Park",54590,CLASSIC,1820715,1132,1037,False,2026-03-29,2026,3,13,806,6,Sunday,True,False,False,Spring,30.34525,False,Weekend or holiday,0.7897223560892986
156677734,2026-03-30 10:24:00,1093,"Kennington Cross, Kennington",2026-03-30 10:35:00,3429,"Abbey Orchard Street, Westminster",52725,CLASSIC,685783,1093,3429,False,2026-03-30,2026,3,10,624,0,Monday,False,False,True,Spring,11.429717,False,"Working day, off peak",1.7579089664526282
156680917,2026-03-30 13:34:00,200031,"East Ferry Road, Cubitt Town",2026-03-30 13:38:00,200018,"Spindrift Avenue, Millwall",21863,CLASSIC,207506,200031,200018,False,2026-03-30,2026,3,13,814,0,Monday,False,False,True,Spring,3.4584334,False,"Working day, off peak",0.47975621856774653
156701668,2026-03-31 09:07:00,978,"Russell Square Station, Bloomsbury",2026-03-31 09:11:00,3425,"Northington Street , Holborn",57607,CLASSIC,197681,978,3425,False,2026-03-31,2026,3,9,547,1,Tuesday,False,False,True,Spring,3.2946832,True,Morning peak,0.7065140546016807
156708980,2026-03-31 15:05:00,300058,"The Vale, Chelsea",2026-03-31 15:07:00,200010,"Manresa Road, Chelsea",52684,CLASSIC,113150,300058,200010,False,2026-03-31,2026,3,15,905,1,Tuesday,False,False,True,Spring,1.8858334,False,"Working day, off peak",0.3391622255730353
156753490,2026-04-02 08:20:00,3507,"Store Street, Bloomsbury",2026-04-02 08:36:00,300079,"London Street, Paddington",41784,CLASSIC,989142,3507,300079,False,2026-04-02,2026,4,8,500,3,Thursday,False,False,True,Spring,16.4857,True,Morning peak,2.918880930700692
156774201,2026-04-02 22:17:00,200137,"Caldwell Street, Stockwell",2026-04-02 22:43:00,995,"Little Argyll Street, West End",60517,PBSC_EBIKE,1502114,200137,995,False,2026-04-02,2026,4,22,1337,3,Thursday,False,False,True,Spring,25.035233,False,"Working day, off peak",4.42668162236983
156787546,2026-04-03 18:36:00,300082,"Bridge Avenue, Hammersmith",2026-04-03 19:20:00,1208,"Dickens Square, Borough",62286,PBSC_EBIKE,2611146,300082,1208,False,2026-04-03,2026,4,18,1116,4,Friday,False,True,False,Spring,43.5191,False,Weekend or holiday,9.374578275862795
156789379,2026-04-03 20:29:00,3495,"Wells Street, Fitzrovia",2026-04-03 20:57:00,1161,"Brushfield Street, Liverpool Street",62612,PBSC_EBIKE,1705411,3495,1161,False,2026-04-03,2026,4,20,1229,4,Friday,False,True,False,Spring,28.423517,False,Weekend or holiday,4.073849645347245
156807521,2026-04-04 21:04:00,2696,"Waterloo Station 1, Waterloo",2026-04-04 21:14:00,1208,"Dickens Square, Borough",59231,CLASSIC,591743,2696,1208,False,2026-04-04,2026,4,21,1264,5,Saturday,True,False,False,Spring,9.862383,False,Weekend or holiday,1.5983012583615444
156809648,2026-04-05 07:33:00,1194,"Westminster University, Marylebone",2026-04-05 07:40:00,300211,"Ossulston Street, Somers Town",61140,PBSC_EBIKE,450484,1194,300211,False,2026-04-05,2026,4,7,453,6,Sunday,True,False,False,Spring,7.5080667,False,Weekend or holiday,1.9920997824765554
156814846,2026-04-05 13:20:00,200114,"Orbel Street, Battersea",2026-04-05 13:26:00,300216,"Gas Holders, Battersea Park",54644,CLASSIC,410996,200114,300216,False,2026-04-05,2026,4,13,800,6,Sunday,True,False,False,Spring,6.849933,False,Weekend or holiday,1.594407862583019
156823444,2026-04-05 19:49:00,200178,"Buckingham Gate, Westminster",2026-04-05 20:14:00,1158,"St. Martin's Street, West End",57520,CLASSIC,1521045,200178,,,2026-04-05,2026,4,19,1189,6,Sunday,True,False,False,Spring,25.35075,False,Weekend or holiday,
156840618,2026-04-06 17:51:00,1052,"Soho Square , Soho",2026-04-06 18:12:00,3505,"Marloes Road, Kensington",60565,PBSC_EBIKE,1267425,1052,3505,False,2026-04-06,2026,4,17,1071,0,Monday,False,True,False,Spring,21.12375,False,Weekend or holiday,4.671477690554053
156858649,2026-04-07 14:20:00,1123,"Southampton Place, Holborn",2026-04-07 14:47:00,200034,"Wapping Lane, Wapping",52162,CLASSIC,1661718,1123,200034,False,2026-04-07,2026,4,14,860,1,Tuesday,False,False,True,Spring,27.6953,False,"Working day, off peak",4.639818077286697
156861476,2026-04-07 16:10:00,300021,"Podium, Queen Elizabeth Olympic Park",2026-04-07 16:59:00,300021,"Podium, Queen Elizabeth Olympic Park",59235,CLASSIC,2897703,300021,300021,True,2026-04-07,2026,4,16,970,1,Tuesday,False,False,True,Spring,48.29505,False,"Working day, off peak",0.0
156871154,2026-04-07 19:34:00,200248,"Pitfield Street Central, Hoxton",2026-04-07 19:45:00,1049,"Finsbury Leisure Centre, St. Luke's",54154,CLASSIC,666144,200248,1049,False,2026-04-07,2026,4,19,1174,1,Tuesday,False,False,True,Spring,11.1024,True,Evening peak,1.1460033110543404
156897889,2026-04-08 18:04:00,22174,"Granby Street, Shoreditch",2026-04-08 18:16:00,200102,"Harford Street, Mile End",62810,PBSC_EBIKE,721656,22174,200102,False,2026-04-08,2026,4,18,1084,2,Wednesday,False,False,True,Spring,12.0276,True,Evening peak,2.143427261673992
156913079,2026-04-09 08:46:00,975,"Theobald's Road , Holborn",2026-04-09 09:06:00,22160,"Chelsea Bridge, Pimlico",62483,PBSC_EBIKE,1203133,975,22160,False,2026-04-09,2026,4,8,526,3,Thursday,False,False,True,Spring,20.052217,True,Morning peak,4.467137152092248
156914535,2026-04-09 09:14:00,1096,"Bayswater Road, Hyde Park",2026-04-09 09:25:00,1101,"Knightsbridge, Hyde Park",50644,CLASSIC,616908,1096,1101,False,2026-04-09,2026,4,9,554,3,Thursday,False,False,True,Spring,10.2818,True,Morning peak,1.6677920171392397
156941802,2026-04-10 09:25:00,300061,"Crimscott Street, Bermondsey",2026-04-10 09:43:00,1064,"Old Street Station, St. Luke's",52524,CLASSIC,1087125,300061,1064,False,2026-04-10,2026,4,9,565,4,Friday,False,False,True,Spring,18.11875,True,Morning peak,3.4037429078219197
156947371,2026-04-10 13:44:00,200077,"Vicarage Crescent, Battersea",2026-04-10 13:54:00,200113,"Smugglers Way, Wandsworth",55006,CLASSIC,598900,200077,200113,False,2026-04-10,2026,4,13,824,4,Friday,False,False,True,Spring,9.981667,False,"Working day, off peak",1.6928379920559864
156953213,2026-04-10 17:18:00,200012,"Stepney Green Station, Stepney",2026-04-10 17:23:00,300027,"Mile End Park Leisure Centre, Mile End",57124,CLASSIC,329143,200012,300027,False,2026-04-10,2026,4,17,1038,4,Friday,False,False,True,Spring,5.485717,True,Evening peak,0.986348934871415
156968115,2026-04-11 12:24:00,2589,"Pembridge Villas, Notting Hill",2026-04-11 12:43:00,1113,"Trebovir Road, Earl's Court",59280,CLASSIC,1131738,2589,1113,False,2026-04-11,2026,4,12,744,5,Saturday,True,False,False,Spring,18.8623,False,Weekend or holiday,2.2515360551823824
156971869,2026-04-11 14:44:00,200239,"Old Montague Street, Whitechapel",2026-04-11 14:56:00,1054,"East Road, Hoxton",51207,CLASSIC,720911,200239,1054,False,2026-04-11,2026,4,14,884,5,Saturday,True,False,False,Spring,12.015183,False,Weekend or holiday,1.8031069249416884
156972244,2026-04-11 14:59:00,1068,"Norton Folgate, Liverpool Street",2026-04-11 15:09:00,960,"Hop Exchange, The Borough",50702,CLASSIC,623794,1068,960,False,2026-04-11,2026,4,14,899,5,Saturday,True,False,False,Spring,10.396566,False,Weekend or holiday,2.0390848433779123
156977579,2026-04-11 18:11:00,960,"Hop Exchange, The Borough",2026-04-11 18:29:00,300247,"Cranmer Road, Stockwell",51089,CLASSIC,1068944,960,300247,False,2026-04-11,2026,4,18,1091,5,Saturday,True,False,False,Spring,17.815733,False,Weekend or holiday,3.098961981697172
156978834,2026-04-11 19:02:00,300058,"The Vale, Chelsea",2026-04-11 19:04:00,200222,"Danvers Street, West Chelsea",50704,CLASSIC,103129,300058,200222,False,2026-04-11,2026,4,19,1142,5,Saturday,True,False,False,Spring,1.7188166,False,Weekend or holiday,0.3475367494405722
156987692,2026-04-12 11:50:00,2696,"Waterloo Station 1, Waterloo",2026-04-12 11:58:00,981,"British Museum, Bloomsbury",60142,PBSC_EBIKE,471391,2696,981,False,2026-04-12,2026,4,11,710,6,Sunday,True,False,False,Spring,7.856517,False,Weekend or holiday,1.833495939508011
157030339,2026-04-14 07:35:00,200011,"Furze Green, Bow",2026-04-14 07:45:00,200148,"Ansell House, Stepney",63440,PBSC_EBIKE,591537,200011,200148,False,2026-04-14,2026,4,7,455,1,Tuesday,False,False,True,Spring,9.85895,True,Morning peak,2.287249674079476
157031167,2026-04-14 07:54:00,3451,"Golden Square, Soho",2026-04-14 07:59:00,3493,"South Audley Street, Mayfair",51182,CLASSIC,326468,3451,3493,False,2026-04-14,2026,4,7,474,1,Tuesday,False,False,True,Spring,5.4411335,True,Morning peak,1.0295230075351764
157086540,2026-04-15 22:19:00,300055,"Stewart's Road, Wandsworth Road",2026-04-15 22:31:00,300063,"Burgess Park Albany Road, Walworth",30808,CLASSIC,770109,300055,300063,False,2026-04-15,2026,4,22,1339,2,Wednesday,False,False,True,Spring,12.83515,False,"Working day, off peak",3.1428029048549253
157087110,2026-04-15 23:21:00,1122,"Ashley Place, Victoria",2026-04-15 23:42:00,200105,"Bonny Street, Camden Town",40573,CLASSIC,1287195,1122,200105,False,2026-04-15,2026,4,23,1401,2,Wednesday,False,False,True,Spring,21.45325,False,"Working day, off peak",5.055107834555082
157100629,2026-04-16 13:47:00,200255,"Devons Road, Bow",2026-04-16 13:58:00,200249,"Queen Mary's, Mile End",35195,CLASSIC,665667,200255,200249,False,2026-04-16,2026,4,13,827,3,Thursday,False,False,True,Spring,11.09445,False,"Working day, off peak",1.8084480358659574
157122816,2026-04-17 09:07:00,3425,"Northington Street , Holborn",2026-04-17 09:14:00,1043,"Museum of London, Barbican",23747,CLASSIC,453442,3425,1043,False,2026-04-17,2026,4,9,547,4,Friday,False,False,True,Spring,7.557367,True,Morning peak,1.3130547408330229
157131246,2026-04-17 15:17:00,22179,"Exhibition Road, Knightsbridge",2026-04-17 15:50:00,200141,"Westfield Ariel Way, White City",42045,CLASSIC,1958026,22179,200141,False,2026-04-17,2026,4,15,917,4,Friday,False,False,True,Spring,32.633766,False,"Working day, off peak",3.5800954478816873
157142354,2026-04-17 20:31:00,300086,"Fulham Broadway, Walham Green",2026-04-17 20:58:00,1190,"Kennington Lane Rail Bridge, Vauxhall",54360,CLASSIC,1590337,300086,1190,False,2026-04-17,2026,4,20,1231,4,Friday,False,False,True,Spring,26.505617,False,"Working day, off peak",5.0106505211559185
157158985,2026-04-18 15:09:00,3420,"Sedding Street, Sloane Square",2026-04-18 15:56:00,200049,"St. Katharine's Way, Tower",62092,PBSC_EBIKE,2834749,3420,200049,False,2026-04-18,2026,4,15,909,5,Saturday,True,False,False,Spring,47.245815,False,Weekend or holiday,6.137355769384952
157214620,2026-04-20 17:19:00,1191,"Barbican Centre, Barbican",2026-04-20 17:23:00,1049,"Finsbury Leisure Centre, St. Luke's",57032,CLASSIC,244646,1191,1049,False,2026-04-20,2026,4,17,1039,0,Monday,False,False,True,Spring,4.077433,True,Evening peak,0.7224060231778494
157232703,2026-04-21 09:05:00,1144,"Poured Lines, Bankside",2026-04-21 09:44:00,1144,"Poured Lines, Bankside",57786,CLASSIC,2339483,1144,1144,True,2026-04-21,2026,4,9,545,1,Tuesday,False,False,True,Spring,38.991383,True,Morning peak,0.0
157239546,2026-04-21 13:47:00,300082,"Bridge Avenue, Hammersmith",2026-04-21 13:52:00,200182,"Rainville Road, Hammersmith",58047,CLASSIC,310264,300082,200182,False,2026-04-21,2026,4,13,827,1,Tuesday,False,False,True,Spring,5.1710668,False,"Working day, off peak",0.9976594943954612
157250923,2026-04-21 18:15:00,1043,"Museum of London, Barbican",2026-04-21 18:48:00,200115,"Flamborough Street, Limehouse",35709,CLASSIC,1955570,1043,200115,False,2026-04-21,2026,4,18,1095,1,Tuesday,False,False,True,Spring,32.592834,True,Evening peak,4.017412560984113
157259730,2026-04-22 02:51:00,3427,"Fanshaw Street, Hoxton",2026-04-22 03:01:00,3445,"Shoreditch High Street, Shoreditch",59407,CLASSIC,602301,3427,3445,False,2026-04-22,2026,4,2,171,2,Wednesday,False,False,True,Spring,10.03835,False,"Working day, off peak",0.5039988313299552
157275312,2026-04-22 12:39:00,1088,"Triangle Car Park, Hyde Park",2026-04-22 13:21:00,1011,"Argyle Street, Kings Cross",59935,CLASSIC,2509426,1088,1011,False,2026-04-22,2026,4,12,759,2,Wednesday,False,False,True,Spring,41.823765,False,"Working day, off peak",4.098743935283324
157284299,2026-04-22 17:20:00,1115,"Ilchester Place, Kensington",2026-04-22 17:52:00,1164,"Portland Place, Marylebone",22312,CLASSIC,1919170,1115,1164,False,2026-04-22,2026,4,17,1040,2,Wednesday,False,False,True,Spring,31.986166,True,Evening peak,4.559899401369117
157286416,2026-04-22 17:49:00,200171,"Peterborough Road, Sands End",2026-04-22 17:58:00,300008,"Normand Park, West Kensington",24169,CLASSIC,527851,200171,300008,False,2026-04-22,2026,4,17,1069,2,Wednesday,False,False,True,Spring,8.797517,True,Evening peak,1.806012395599816
157295011,2026-04-22 21:27:00,1093,"Kennington Cross, Kennington",2026-04-22 21:43:00,200144,"Sea Containers, South Bank",56186,CLASSIC,976342,1093,200144,False,2026-04-22,2026,4,21,1287,2,Wednesday,False,False,True,Spring,16.272367,False,"Working day, off peak",2.146914752241114
157310247,2026-04-23 12:51:00,2667,"Tower Wharf, Bermondsey",2026-04-23 12:55:00,300083,"Duke Street Hill, London Bridge",50641,CLASSIC,242115,2667,300083,False,2026-04-23,2026,4,12,771,3,Thursday,False,False,True,Spring,4.03525,False,"Working day, off peak",1.0601782143074017
157324769,2026-04-23 18:31:00,1158,"St. Martin's Street, West End",2026-04-23 18:46:00,1049,"Finsbury Leisure Centre, St. Luke's",62182,PBSC_EBIKE,901279,,1049,,2026-04-23,2026,4,18,1111,3,Thursday,False,False,True,Spring,15.021317,True,Evening peak,
157350832,2026-04-24 14:46:00,200146,"Newby Place, Poplar",2026-04-24 20:01:00,200109,"Alpha Grove, Millwall",64077,PBSC_EBIKE,18886075,200146,200109,False,2026-04-24,2026,4,14,886,4,Friday,False,False,True,Spring,314.7679,False,"Working day, off peak",1.4756801625932083
157355217,2026-04-24 16:44:00,300244,"The Metropolitan, Portobello",2026-04-24 16:54:00,2670,"Paddington Green, Paddington",21668,CLASSIC,565498,300244,2670,False,2026-04-24,2026,4,16,1004,4,Friday,False,False,True,Spring,9.424967,False,"Working day, off peak",1.8138422001379
157367397,2026-04-24 22:13:00,2637,"Bermondsey Street, Bermondsey",2026-04-24 22:20:00,300060,"Brandon Street, Walworth",59663,CLASSIC,396347,2637,300060,False,2026-04-24,2026,4,22,1333,4,Friday,False,False,True,Spring,6.6057835,False,"Working day, off peak",1.191990836680971
157384334,2026-04-25 15:16:00,1153,"Pall Mall East, West End",2026-04-25 15:32:00,1164,"Portland Place, Marylebone",51162,CLASSIC,978787,1153,1164,False,2026-04-25,2026,4,15,916,5,Saturday,True,False,False,Spring,16.313116,False,Weekend or holiday,1.7550982422420032
157394260,2026-04-25 19:12:00,200206,"Chicheley Street, South Bank",2026-04-25 19:39:00,1142,"Tooley Street, Bermondsey",51117,CLASSIC,1571634,200206,1142,False,2026-04-25,2026,4,19,1152,5,Saturday,True,False,False,Spring,26.1939,False,Weekend or holiday,2.571293806905806
157407623,2026-04-26 12:19:00,1109,"Wellington Arch, Hyde Park",2026-04-26 12:32:00,1096,"Bayswater Road, Hyde Park",51054,CLASSIC,767523,1109,1096,False,2026-04-26,2026,4,12,739,6,Sunday,True,False,False,Spring,12.79205,False,Weekend or holiday,2.0002272953309785
157431042,2026-04-27 08:30:00,3430,"Central House, Aldgate",2026-04-27 08:36:00,984,"Finsbury Circus, Liverpool Street",57507,CLASSIC,366482,3430,984,False,2026-04-27,2026,4,8,510,0,Monday,False,False,True,Spring,6.108033,True,Morning peak,1.1623824276216337
157431238,2026-04-27 08:32:00,1041,"Westbourne Grove, Bayswater",2026-04-27 08:35:00,200108,"Bishop's Bridge Road East, Bayswater",50820,CLASSIC,189870,1041,200108,False,2026-04-27,2026,4,8,512,0,Monday,False,False,True,Spring,3.1645,True,Morning peak,0.4805698967844907
157435296,2026-04-27 10:10:00,1134,"Warwick Road, Olympia",2026-04-27 10:20:00,300008,"Normand Park, West Kensington",22837,CLASSIC,593919,1134,300008,False,2026-04-27,2026,4,10,610,0,Monday,False,False,True,Spring,9.89865,False,"Working day, off peak",1.370973254757682
157470818,2026-04-28 13:17:00,300069,"Harcourt Terrace, West Brompton",2026-04-28 13:33:00,1206,"Montpelier Street, Knightsbridge",58726,CLASSIC,957458,300069,1206,False,2026-04-28,2026,4,13,797,1,Tuesday,False,False,True,Spring,15.957633,False,"Working day, off peak",1.9446478121338642
157481780,2026-04-28 18:22:00,1203,"Eastbourne Mews, Paddington",2026-04-28 19:05:00,300247,"Cranmer Road, Stockwell",51322,CLASSIC,2544257,1203,300247,False,2026-04-28,2026,4,18,1102,1,Tuesday,False,False,True,Spring,42.40428,True,Evening peak,6.220778277472642
157493367,2026-04-29 08:07:00,200201,"Battersea Church Road, Battersea",2026-04-29 08:31:00,1221,"St. George Street, Mayfair",35008,CLASSIC,1391069,200201,1221,False,2026-04-29,2026,4,8,487,2,Wednesday,False,False,True,Spring,23.184483,True,Morning peak,4.462920296965892
157525864,2026-04-30 07:59:00,1134,"Warwick Road, Olympia",2026-04-30 08:42:00,1071,"Tower Gardens , Tower",52647,CLASSIC,2536867,1134,1071,False,2026-04-30,2026,4,7,479,3,Thursday,False,False,True,Spring,42.281116,True,Morning peak,9.097849405504405
157530492,2026-04-30 09:06:00,300236,"Bevington Road West, North Kensington",2026-04-30 09:40:00,300086,"Fulham Broadway, Walham Green",60362,PBSC_EBIKE,2022446,300236,300086,False,2026-04-30,2026,4,9,546,3,Thursday,False,False,True,Spring,33.70743,True,Morning peak,4.701334367486901
157573620,2026-05-01 15:43:00,200163,"Jubilee Plaza, Canary Wharf",2026-05-01 16:27:00,200163,"Jubilee Plaza, Canary Wharf",54207,CLASSIC,2642866,200163,200163,True,2026-05-01,2026,5,15,943,4,Friday,False,False,True,Spring,44.047768,False,"Working day, off peak",0.0
157592671,2026-05-02 09:46:00,200200,"Great Suffolk Street, The Borough",2026-05-02 09:48:00,996,"Borough High Street, The Borough",22312,CLASSIC,100813,200200,996,False,2026-05-02,2026,5,9,586,5,Saturday,True,False,False,Spring,1.6802167,False,Weekend or holiday,0.41560178510719364
157624838,2026-05-03 14:18:00,300243,"Good's Way, King's Cross",2026-05-03 14:35:00,200074,"Bury Place, Holborn",54830,CLASSIC,1059513,300243,200074,False,2026-05-03,2026,5,14,858,6,Sunday,True,False,False,Spring,17.65855,False,Weekend or holiday,1.9222262834025683
157625828,2026-05-03 14:47:00,22165,"Fisherman's Walk West, Canary Wharf",2026-05-03 15:55:00,1144,"Poured Lines, Bankside",41391,CLASSIC,4049452,22165,1144,False,2026-05-03,2026,5,14,887,6,Sunday,True,False,False,Spring,67.49087,False,Weekend or holiday,5.549340262558584
157648045,2026-05-04 14:32:00,1153,"Pall Mall East, West End",2026-05-04 14:52:00,300073,"Prince of Wales Drive, Battersea Park",62246,PBSC_EBIKE,1204019,1153,300073,False,2026-05-04,2026,5,14,872,0,Monday,False,True,False,Spring,20.066984,False,Weekend or holiday,4.127849785412087
157706452,2026-05-06 15:13:00,1102,"Leman Street, Aldgate",2026-05-06 15:25:00,1211,"Bunhill Row, Moorgate",59777,CLASSIC,750567,1102,1211,False,2026-05-06,2026,5,15,913,2,Wednesday,False,False,True,Spring,12.50945,False,"Working day, off peak",1.6953192163417596
157733220,2026-05-07 11:35:00,300101,"Little Brook Green, Brook Green",2026-05-07 11:43:00,200214,"Woodstock Grove, Shepherd's Bush",55493,CLASSIC,495139,300101,200214,False,2026-05-07,2026,5,11,695,3,Thursday,False,False,True,Spring,8.252316,False,"Working day, off peak",0.9342208491100229
157742064,2026-05-07 17:26:00,1151,"Whitehall Place, Strand",2026-05-07 17:55:00,1046,"Vauxhall Bridge , Pimlico",21557,CLASSIC,1736393,1151,1046,False,2026-05-07,2026,5,17,1046,3,Thursday,False,False,True,Spring,28.939884,True,Evening peak,2.066106492290018
157748589,2026-05-07 19:30:00,2666,"Howick Place, Westminster",2026-05-07 19:49:00,2587,"Wormwood Street, Liverpool Street",50767,CLASSIC,1132194,2666,2587,False,2026-05-07,2026,5,19,1170,3,Thursday,False,False,True,Spring,18.8699,True,Evening peak,4.454551421185228
157767178,2026-05-08 14:31:00,985,"Hatton Garden, Holborn",2026-05-08 14:50:00,3430,"Central House, Aldgate",57464,CLASSIC,1144139,985,3430,False,2026-05-08,2026,5,14,871,4,Friday,False,False,True,Spring,19.068983,False,"Working day, off peak",2.6512456153691466
157779700,2026-05-08 20:24:00,2685,"South Kensington Station, South Kensington",2026-05-08 20:28:00,22179,"Exhibition Road, Knightsbridge",56242,CLASSIC,260523,2685,22179,False,2026-05-08,2026,5,20,1224,4,Friday,False,False,True,Spring,4.34205,False,"Working day, off peak",0.613898397787511
157787519,2026-05-09 10:29:00,969,"Gower Place , Euston",2026-05-09 10:32:00,970,"Scala Street, Fitzrovia",51783,CLASSIC,195183,969,970,False,2026-05-09,2026,5,10,629,5,Saturday,True,False,False,Spring,3.25305,False,Weekend or holiday,0.5937052811557365
157794066,2026-05-09 13:40:00,1222,"Goswell Road (City Uni), Finsbury",2026-05-09 13:42:00,1049,"Finsbury Leisure Centre, St. Luke's",62296,PBSC_EBIKE,132321,1222,1049,False,2026-05-09,2026,5,13,820,5,Saturday,True,False,False,Spring,2.20535,False,Weekend or holiday,0.40994067935049594
157795996,2026-05-09 14:28:00,1197,"Sackville Street, Mayfair",2026-05-09 15:08:00,22164,"Eaton Square (South), Belgravia",35657,CLASSIC,2384414,1197,22164,False,2026-05-09,2026,5,14,868,5,Saturday,True,False,False,Spring,39.740234,False,Weekend or holiday,2.0139658257787736
157822761,2026-05-10 14:57:00,300226,"Copper Box Arena, Queen Elizabeth Olympic Park",2026-05-10 15:15:00,300200,"East Village, Queen Elizabeth Olympic Park",62732,PBSC_EBIKE,1094555,300226,300200,False,2026-05-10,2026,5,14,897,6,Sunday,True,False,False,Spring,18.242584,False,Weekend or holiday,0.7502189256048502
157824133,2026-05-10 15:54:00,1112,"Nutford Place, Marylebone",2026-05-10 15:56:00,10630,"George Place Mews, Marylebone",50917,CLASSIC,137279,1112,10630,False,2026-05-10,2026,5,15,954,6,Sunday,True,False,False,Spring,2.2879834,False,Weekend or holiday,0.42717468892397004
157876896,2026-05-12 16:26:00,1179,"Chelsea Green, Chelsea",2026-05-12 16:44:00,200218,"Addison Road, Holland Park",59057,CLASSIC,1071396,1179,200218,False,2026-05-12,2026,5,16,986,1,Tuesday,False,False,True,Spring,17.8566,False,"Working day, off peak",3.4257441647338913
157881017,2026-05-12 17:48:00,1029,"Windsor Terrace, Hoxton",2026-05-12 17:55:00,973,"Bethnal Green Road, Shoreditch",52541,CLASSIC,419096,1029,973,False,2026-05-12,2026,5,17,1068,1,Tuesday,False,False,True,Spring,6.9849334,True,Evening peak,1.429169213403926
157888905,2026-05-12 21:15:00,1202,"Wellington Street , Strand",2026-05-12 21:36:00,3448,"Webber Street , Southwark",51342,CLASSIC,1272380,1202,3448,False,2026-05-12,2026,5,21,1275,1,Tuesday,False,False,True,Spring,21.206333,False,"Working day, off peak",1.728868605661755
157910723,2026-05-13 18:15:00,200120,"Grant Road East, Clapham Junction",2026-05-13 18:22:00,200079,"Ram Street, Wandsworth",50725,CLASSIC,403322,200120,200079,False,2026-05-13,2026,5,18,1095,2,Wednesday,False,False,True,Spring,6.7220335,True,Evening peak,1.5582811131508694
157918644,2026-05-14 07:06:00,300063,"Burgess Park Albany Road, Walworth",2026-05-14 07:27:00,1009,"Taviton Street, Bloomsbury",62436,PBSC_EBIKE,1265938,300063,1009,False,2026-05-14,2026,5,7,426,3,Thursday,False,False,True,Spring,21.098967,True,Morning peak,5.401385866085512
157956763,2026-05-15 12:39:00,200206,"Chicheley Street, South Bank",2026-05-15 12:59:00,1048,"Queen Victoria Street, St. Paul's",55794,CLASSIC,1209660,200206,1048,False,2026-05-15,2026,5,12,759,4,Friday,False,False,True,Spring,20.161,False,"Working day, off peak",1.6870709786594074
157967127,2026-05-15 18:13:00,200115,"Flamborough Street, Limehouse",2026-05-15 18:42:00,1093,"Kennington Cross, Kennington",53657,CLASSIC,1723663,200115,1093,False,2026-05-15,2026,5,18,1093,4,Friday,False,False,True,Spring,28.727716,True,Evening peak,5.677121608493658
157972044,2026-05-15 20:47:00,967,"Golden Lane, Barbican",2026-05-15 20:51:00,1092,"Moorfields, Moorgate",35559,CLASSIC,221785,967,1092,False,2026-05-15,2026,5,20,1247,4,Friday,False,False,True,Spring,3.6964166,False,"Working day, off peak",0.5216311948357218
157974520,2026-05-15 23:51:00,1162,"Dorset Square, Marylebone",2026-05-15 23:57:00,2680,"Harrowby Street, Marylebone",20709,CLASSIC,355672,1162,2680,False,2026-05-15,2026,5,23,1431,4,Friday,False,False,True,Spring,5.9278665,False,"Working day, off peak",0.619073509194333
157982022,2026-05-16 12:01:00,3421,"Red Lion Square, Holborn",2026-05-16 12:21:00,1068,"Norton Folgate, Liverpool Street",54193,CLASSIC,1219113,3421,1068,False,2026-05-16,2026,5,12,721,5,Saturday,True,False,False,Spring,20.31855,False,Weekend or holiday,2.791403948881823
157986981,2026-05-16 14:37:00,200161,"Clinton Road, Mile End",2026-05-16 14:49:00,200155,"Gascoyne Road, Victoria Park",50657,CLASSIC,752533,200161,200155,False,2026-05-16,2026,5,14,877,5,Saturday,True,False,False,Spring,12.542216,False,Weekend or holiday,1.7406390342270384
157996455,2026-05-16 22:05:00,973,"Bethnal Green Road, Shoreditch",2026-05-16 22:11:00,200042,"York Hall, Bethnal Green",41074,CLASSIC,354018,973,200042,False,2026-05-16,2026,5,22,1325,5,Saturday,True,False,False,Spring,5.9003,False,Weekend or holiday,1.431118961948895
158017163,2026-05-17 20:00:00,200240,"Ferndale Road, Brixton",2026-05-17 20:16:00,300065,"Clapham Common North Side, Clapham Common",57235,CLASSIC,964302,200240,300065,False,2026-05-17,2026,5,20,1200,6,Sunday,True,False,False,Spring,16.0717,False,Weekend or holiday,3.0310367270646523
158032960,2026-05-18 14:20:00,1090,"Warren Street Station, Euston",2026-05-18 14:29:00,988,"Great Russell Street, Bloomsbury",52891,CLASSIC,531512,1090,988,False,2026-05-18,2026,5,14,860,0,Monday,False,False,True,Spring,8.858533,False,"Working day, off peak",1.0254216625800647
158035580,2026-05-18 16:27:00,2662,"Butler Place, Westminster",2026-05-18 16:33:00,1174,"Alderney Street, Pimlico",58228,CLASSIC,344504,2662,1174,False,2026-05-18,2026,5,16,987,0,Monday,False,False,True,Spring,5.7417336,False,"Working day, off peak",1.1468991386257357
158053594,2026-05-19 09:08:00,200142,"Hammersmith Road, Hammersmith",2026-05-19 09:20:00,1204,"Queen's Gate (North), Kensington",54597,CLASSIC,719802,200142,1204,False,2026-05-19,2026,5,9,548,1,Tuesday,False,False,True,Spring,11.9967,True,Morning peak,2.8741282236407115
158063779,2026-05-19 17:02:00,1067,"St. James's Square, St. James's",2026-05-19 17:24:00,300076,"Lots Road, West Chelsea",58803,CLASSIC,1326061,1067,300076,False,2026-05-19,2026,5,17,1022,1,Tuesday,False,False,True,Spring,22.101017,True,Evening peak,4.364215432647687
158078176,2026-05-20 07:40:00,300202,"Kings Gate House, Westminster",2026-05-20 07:51:00,200094,"St. Bride Street, Holborn",57946,CLASSIC,654247,300202,200094,False,2026-05-20,2026,5,7,460,2,Wednesday,False,False,True,Spring,10.904117,True,Morning peak,2.963219352737471
158088328,2026-05-20 12:31:00,200033,"Philpot Street, Whitechapel",2026-05-20 12:34:00,1077,"Royal London Hospital, Whitechapel",57212,CLASSIC,186341,200033,1077,False,2026-05-20,2026,5,12,751,2,Wednesday,False,False,True,Spring,3.1056833,False,"Working day, off peak",0.41679763221332977
158100087,2026-05-20 18:46:00,300083,"Duke Street Hill, London Bridge",2026-05-20 18:49:00,2667,"Tower Wharf, Bermondsey",62085,PBSC_EBIKE,228717,300083,2667,False,2026-05-20,2026,5,18,1126,2,Wednesday,False,False,True,Spring,3.81195,True,Evening peak,1.0601782143074017
158109838,2026-05-21 07:57:00,200142,"Hammersmith Road, Hammersmith",2026-05-21 08:11:00,1220,"Imperial College, Knightsbridge",55297,CLASSIC,808072,200142,1220,False,2026-05-21,2026,5,7,477,3,Thursday,False,False,True,Spring,13.467867,True,Morning peak,2.8624735215514288
158114247,2026-05-21 09:09:00,1156,"Bedford Way, Bloomsbury",2026-05-21 09:14:00,2649,"Sardinia Street, Holborn",58787,CLASSIC,319974,1156,2649,False,2026-05-21,2026,5,9,549,3,Thursday,False,False,True,Spring,5.3329,True,Morning peak,1.1896207933671779
158123497,2026-05-21 15:48:00,300030,"Thorndike Close, West Chelsea",2026-05-21 15:52:00,300003,"Eel Brook Common, Walham Green",57993,CLASSIC,238322,300030,300003,False,2026-05-21,2026,5,15,948,3,Thursday,False,False,True,Spring,3.9720333,False,"Working day, off peak",0.8306303272300828
158124933,2026-05-21 16:37:00,1157,"Black Lion Gate, Kensington Gardens",2026-05-21 16:56:00,1075,"Hyde Park Corner, Hyde Park",20296,CLASSIC,1149437,1157,1075,False,2026-05-21,2026,5,16,997,3,Thursday,False,False,True,Spring,19.157284,False,"Working day, off peak",2.4925798480135404
158132358,2026-05-21 18:53:00,200119,"Dorothy Road, Clapham Junction",2026-05-21 19:51:00,300100,"Limburg Road, Clapham Junction",59102,CLASSIC,3452851,200119,300100,False,2026-05-21,2026,5,18,1133,3,Thursday,False,False,True,Spring,57.547516,True,Evening peak,0.3653357338532003
158150910,2026-05-22 13:02:00,1131,"Graham Street, Angel",2026-05-22 13:34:00,1126,"North Audley Street, Mayfair",30696,CLASSIC,1961673,1131,1126,False,2026-05-22,2026,5,13,782,4,Friday,False,False,True,Spring,32.69455,False,"Working day, off peak",4.313659799477707
158151685,2026-05-22 13:30:00,200196,"Simpson Street, Clapham Junction",2026-05-22 13:50:00,200052,"Exhibition Road Museums 2, South Kensington",60141,PBSC_EBIKE,1188267,200196,200052,False,2026-05-22,2026,5,13,810,4,Friday,False,False,True,Spring,19.80445,False,"Working day, off peak",2.7986412528733875
158177253,2026-05-23 11:06:00,300056,"Mile End Stadium, Mile End",2026-05-23 11:13:00,200115,"Flamborough Street, Limehouse",51985,CLASSIC,419163,300056,200115,False,2026-05-23,2026,5,11,666,5,Saturday,True,False,False,Spring,6.98605,False,Weekend or holiday,0.6908850047952119
158182059,2026-05-23 13:25:00,200009,"Stebondale Street, Cubitt Town",2026-05-23 13:38:00,200050,"Naval Row, Blackwall",52030,CLASSIC,787931,200009,200050,False,2026-05-23,2026,5,13,805,5,Saturday,True,False,False,Spring,13.132183,False,Weekend or holiday,2.216420854838687
158206396,2026-05-24 11:19:00,1037,"Park Lane , Hyde Park",2026-05-24 12:09:00,1037,"Park Lane , Hyde Park",54555,CLASSIC,2993732,1037,1037,True,2026-05-24,2026,5,11,679,6,Sunday,True,False,False,Spring,49.895535,False,Weekend or holiday,0.0
158228590,2026-05-24 23:19:00,300203,"Euston Square Gardens, Euston",2026-05-24 23:43:00,200048,"Page Street, Westminster",51901,CLASSIC,1442870,300203,200048,False,2026-05-24,2026,5,23,1399,6,Sunday,True,False,False,Spring,24.047832,False,Weekend or holiday,3.6914931373418343
158250358,2026-05-25 19:03:00,1157,"Black Lion Gate, Kensington Gardens",2026-05-25 19:23:00,1162,"Dorset Square, Marylebone",62726,PBSC_EBIKE,1202924,1157,1162,False,2026-05-25,2026,5,19,1143,0,Monday,False,True,False,Spring,20.048733,False,Weekend or holiday,2.326209180615964
158286764,2026-05-26 20:47:00,200058,"Northdown Street, King's Cross",2026-05-26 21:06:00,200200,"Great Suffolk Street, The Borough",59485,CLASSIC,1109117,200058,200200,False,2026-05-26,2026,5,20,1247,1,Tuesday,False,False,True,Spring,18.485283,False,"Working day, off peak",3.5180261871751948
158287708,2026-05-26 21:27:00,1133,"Baylis Road, Waterloo",2026-05-26 21:38:00,1070,"Bricklayers Arms, Borough",57135,CLASSIC,634134,1133,1070,False,2026-05-26,2026,5,21,1287,1,Tuesday,False,False,True,Spring,10.5689,False,"Working day, off peak",1.8631065621122591
158306254,2026-05-27 15:09:00,200012,"Stepney Green Station, Stepney",2026-05-27 15:15:00,200047,"Bethnal Green Garden, Bethnal Green",21892,CLASSIC,378931,200012,200047,False,2026-05-27,2026,5,15,909,2,Wednesday,False,False,True,Spring,6.3155165,False,"Working day, off peak",0.7315529093557608
158314195,2026-05-27 18:10:00,200231,"Abingdon Green, Westminster",2026-05-27 18:31:00,200201,"Battersea Church Road, Battersea",90877,CLASSIC,1255354,200231,200201,False,2026-05-27,2026,5,18,1090,2,Wednesday,False,False,True,Spring,20.922567,True,Evening peak,4.062594576507496
158317127,2026-05-27 18:58:00,1087,"Belgrave Road, Victoria",2026-05-27 19:18:00,966,"New Kent Road, The Borough",30487,CLASSIC,1208928,1087,966,False,2026-05-27,2026,5,18,1138,2,Wednesday,False,False,True,Spring,20.1488,True,Evening peak,3.5479757582314777
158360878,2026-05-29 06:47:00,300065,"Clapham Common North Side, Clapham Common",2026-05-29 06:53:00,2694,"Clapham Common Station, Clapham Common",53076,CLASSIC,350362,300065,2694,False,2026-05-29,2026,5,6,407,4,Friday,False,False,True,Spring,5.8393664,True,Morning peak,1.3925888280955987
158364105,2026-05-29 08:36:00,2691,"Howland Street, Fitzrovia",2026-05-29 08:45:00,10627,"Grosvenor Square, Mayfair",60160,PBSC_EBIKE,489156,2691,10627,False,2026-05-29,2026,5,8,516,4,Friday,False,False,True,Spring,8.1526,True,Morning peak,1.261778470729881
158365315,2026-05-29 09:02:00,300043,"St. Peter's Terrace, Fulham",2026-05-29 09:11:00,200182,"Rainville Road, Hammersmith",22731,CLASSIC,572168,300043,200182,False,2026-05-29,2026,5,9,542,4,Friday,False,False,True,Spring,9.536134,True,Morning peak,1.1901475854334675
158373896,2026-05-29 14:37:00,300241,"Handyside Street, King's Cross",2026-05-29 14:51:00,1090,"Warren Street Station, Euston",55156,CLASSIC,816015,300241,1090,False,2026-05-29,2026,5,14,877,4,Friday,False,False,True,Spring,13.60025,False,"Working day, off peak",1.6916427223761925
158445274,2026-05-31 20:04:00,22174,"Granby Street, Shoreditch",2026-05-31 20:19:00,200174,"Mostyn Grove, Bow",54469,CLASSIC,873441,22174,200174,False,2026-05-31,2026,5,20,1204,6,Sunday,True,False,False,Spring,14.55735,False,Weekend or holiday,3.0954814459107665
